timestamp,measurement,available,total,used,anomaly_score,is_anomaly
1745861035,mem,451375104,883380224,270897152,0.059214657923952974,0
1745861040,cpu,99.19678714843243,0.2008032128508005,0.2008032128508005,0.0847075650923294,0
1745861040,mem,451375104,883380224,270897152,0.059214657923952974,0
1745861050,mem,451391488,883380224,270880768,0.06296393765363706,0
1745861050,cpu,99.49949949947064,0.2002002001999131,0.3003003002998697,0.0847075650923294,0
1745861060,cpu,99.29718875509548,0.2008032128513872,0.3012048192782223,0.0847075650923294,0
1745861060,mem,451399680,883380224,270872576,0.0633009998925591,0
1745861070,cpu,98.3967935871387,0.4008016032067815,0.9018036072139768,0.0847075650923294,0
1745861070,mem,443215872,883380224,279056384,-0.006423869,1
1745861080,mem,472383488,883380224,249876480,0.007997939002337029,0
1745861090,mem,463503360,883380224,258756608,0.02449454771006132,0
1745861090,cpu,99.19759277846237,0.2006018054163356,0.4012036108326713,0.0847075650923294,0
1745861100,cpu,98.29488465383614,0.100300902707875,0.3009027081247654,0.0847075650923294,0
1745861100,mem,463548416,883380224,258711552,0.021757497436828754,0
1745861110,cpu,99.59879638923118,0.2006018054169058,0.1003009027081678,0.08288986818944627,0
1745861110,mem,463323136,883380224,258936832,0.02448595257726849,0
1745861120,mem,463323136,883380224,258936832,0.02448595257726849,0
1745861120,cpu,99.2985971944643,0.2004008016031059,0.501002004007765,0.0847075650923294,0
1745861130,mem,436285440,883380224,285966336,0.007359900520107154,0
1745861130,cpu,94.39439439428314,0.800800800799055,3.603603603596601,0.0847075650923294,0
1745861140,mem,436285440,883380224,285966336,0.007359900520107154,0
1745861140,cpu,99.7995991985014,0.1002004008022686,0.100200400801699,0.08288986818944627,0
1745861150,cpu,99.39879759506852,0.2004008016028137,0.4008016032056275,0.0847075650923294,0
1745861150,mem,436285440,883380224,285966336,0.007359900520107154,0
1745861160,mem,436285440,883380224,285966336,0.007359900520107154,0
1745861160,cpu,99.8998998999524,0.1001001000999565,0,0.08288986818944627,0
1745861170,mem,436293632,883380224,285958144,0.011095222015962913,0
1745861170,cpu,99.3981945837738,0.1003009027081678,0.2006018054163356,0.0847075650923294,0
1745861180,cpu,99.7993981945429,0.1003009027080214,0.1003009027091617,0.08288986818944627,0
1745861180,mem,436293632,883380224,285958144,0.011095222015962913,0
1745861190,mem,436293632,883380224,285958144,0.011095222015962913,0
1745861190,cpu,99.49899799596336,0.1002004008019764,0.4008016032056275,0.0847075650923294,0
1745861200,mem,436305920,883380224,285945856,0.008108987999899564,0
1745861200,cpu,99.10000000003492,0.1999999999998181,0.3999999999996362,0.0847075650923294,0
1745861210,cpu,99.39879759521348,0.3006012024046589,0.3006012024046589,0.0847075650923294,0
1745861210,mem,436305920,883380224,285945856,0.008108987999899564,0
1745861220,cpu,99.0981963928202,0.3006012024052285,0.6012024048104571,0.0847075650923294,0
1745861220,mem,451596288,883380224,270659584,0.05990741871593075,0
1745861230,cpu,99.097291875662,0.2006018054160429,0.3009027081240643,0.0847075650923294,0
1745861230,mem,451608576,883380224,270647296,0.05956805964951206,0
1745861240,mem,451608576,883380224,270647296,0.05956805964951206,0
1745861240,cpu,99.69939879746136,0.1002004008014068,0.2004008016028137,0.0847075650923294,0
1745861250,mem,451608576,883380224,270647296,0.05956805964951206,0
1745861250,cpu,99.7995991985014,0.100200400801699,0.100200400801699,0.08288986818944627,0
1745861260,cpu,99.49899799596336,0.1002004008019764,0.2004008016039529,0.0847075650923294,0
1745861260,mem,451616768,883380224,270639104,0.05922847089970151,0
1745861270,mem,451371008,883380224,270884864,0.06269661748799865,0
1745861270,cpu,99.69969969971108,0.2002002002002047,0.1001001001001023,0.08288986818944627,0
1745861280,mem,451371008,883380224,270884864,0.06269661748799865,0
1745861280,cpu,99.89979959925084,0,0.1002004008015529,0.08288986818944627,0
1745861290,mem,451379200,883380224,270872576,0.06451999172008538,0
1745861290,cpu,99.3981945836296,0.100300902707875,0.3009027081236251,0.0847075650923294,0
1745861300,cpu,99.49899799610844,0.2004008016031059,0.3006012024046589,0.0847075650923294,0
1745861300,mem,451383296,883380224,270872576,0.06377748100645725,0
1745861310,cpu,99.79979979975884,0.1001001001006713,0.1001001001001023,0.08288986818944627,0
1745861310,mem,451383296,883380224,270872576,0.06377748100645725,0
1745861320,mem,451395584,883380224,270860288,0.06337087547697573,0
1745861320,cpu,99.19839679357052,0.2004008016028137,0.5010020040081735,0.0847075650923294,0
1745861330,mem,451395584,883380224,270860288,0.06337087547697573,0
1745861330,cpu,99.29789368097316,0.3009027081240643,0.4012036108320858,0.0847075650923294,0
1745861340,mem,451395584,883380224,270860288,0.06337087547697573,0
1745861340,cpu,99.50000000011568,0.100000000000623,0.3000000000001637,0.0847075650923294,0
1745861350,mem,451403776,883380224,270848000,0.06303386053091492,0
1745861350,cpu,99.2971887549504,0.2008032128510939,0.2008032128510939,0.0847075650923294,0
1745861360,mem,451407872,883380224,270848000,0.06235914619384764,0
1745861360,cpu,99.2992992993754,0.2002002001999131,0.5005005005009209,0.0847075650923294,0
1745861370,cpu,99.6990972918869,0.1003009027081678,0.2006018054163356,0.0847075650923294,0
1745861370,mem,459669504,883380224,262586368,0.025078319202440524,0
1745861380,mem,459677696,883380224,262578176,0.025078319202440524,0
1745861380,cpu,99.59919839671235,0.1002004008014068,0.1002004008014068,0.08288986818944627,0
1745861390,cpu,99.49949949947064,0.2002002002004821,0.3003003002998697,0.0847075650923294,0
1745861390,mem,459436032,883380224,262819840,0.022031324770453553,0
1745861400,cpu,99.09909909913452,0.2002002001999131,0.2002002001999131,0.0847075650923294,0
1745861400,mem,459452416,883380224,262803456,0.02276057270669607,0
1745861410,mem,459485184,883380224,262770688,0.023488834511944057,0
1745861410,cpu,99.49647532726138,0.1007049345417717,0.2014098690846884,0.0847075650923294,0
1745861420,cpu,99.69939879760672,0.1002004008015529,0.2004008016031059,0.0847075650923294,0
1745861420,mem,459485184,883380224,262770688,0.023488834511944057,0
1745861430,mem,454549504,883380224,267706368,0.046481316603048994,0
1745861430,cpu,99.2992992993754,0.2002002002004821,0.4004004003998263,0.0847075650923294,0
1745861440,cpu,99.4994994994699,0.1001001001001023,0.2002002002002047,0.0847075650923294,0
1745861440,mem,454561792,883380224,267694080,0.04795707595231524,0
1745861450,cpu,99.59999999991908,0.199999999999527,0.199999999999527,0.0847075650923294,0
1745861450,mem,454561792,883380224,267694080,0.04795707595231524,0
1745861460,cpu,100,0,0,0.08288986818944627,0
1745861460,mem,454561792,883380224,267694080,0.04795707595231524,0
1745861470,cpu,99.59879638923118,0.1003009027081678,0.1003009027081678,0.08288986818944627,0
1745861470,mem,454569984,883380224,267685888,0.04867174667103791,0
1745861480,mem,454569984,883380224,267685888,0.04867174667103791,0
1745861480,cpu,99.89979959925084,0.1002004008021225,0,0.08288986818944627,0
1745861490,mem,454569984,883380224,267685888,0.04867174667103791,0
1745861490,cpu,99.79999999995954,0.0999999999997635,0.1000000000009004,0.08288986818944627,0
1745861500,mem,454578176,883380224,267677696,0.04763015139960436,0
1745861500,cpu,99.69939879760672,0,0.1002004008015529,0.08288986818944627,0
1745861510,mem,454578176,883380224,267677696,0.04763015139960436,0
1745861510,cpu,99.79959919835588,0.1002004008015529,0.1002004008015529,0.08288986818944627,0
1745861520,mem,454578176,883380224,267677696,0.04763015139960436,0
1745861520,cpu,99.79979979975911,0.1001001000999565,0.1001001000999565,0.08288986818944627,0
1745861530,cpu,99.69939879760672,0.1002004008015529,0.1002004008015529,0.08288986818944627,0
1745861530,mem,454586368,883380224,267669504,0.04755806694021636,0
1745861540,cpu,99.69879518073478,0,0.2008032128510939,0.0847075650923294,0
1745861540,mem,454598656,883380224,267657216,0.047210349644173255,0
1745861550,mem,462598144,883380224,259657728,0.023675019768080507,0
1745861550,cpu,99.69939879760672,0.2004008016036755,0.1002004008015529,0.08288986818944627,0
1745861560,cpu,99.49899799596336,0.1002004008014068,0.2004008016028137,0.0847075650923294,0
1745861560,mem,462610432,883380224,259645440,0.023641097724873994,0
1745861570,cpu,99.69969969971108,0.2002002002002047,0.1001001001001023,0.08288986818944627,0
1745861570,mem,462364672,883380224,259891200,0.021236595428486105,0
1745861580,cpu,100,0,0,0.08288986818944627,0
1745861580,mem,462364672,883380224,259891200,0.021236595428486105,0
1745861590,mem,462372864,883380224,259883008,0.022815412813903313,0
1745861590,cpu,99.69969969971152,0.1001001000999565,0.1001001000999565,0.08288986818944627,0
1745861600,cpu,99.8994974874898,0,0.1005025125638946,0.08288986818944627,0
1745861600,mem,462372864,883380224,259878912,0.02317962980799848,0
1745861610,cpu,99.89989989980673,0,0.1001001000999565,0.08288986818944627,0
1745861610,mem,462376960,883380224,259878912,0.02317962980799848,0
1745861620,cpu,99.59919839685756,0,0.1002004008015529,0.08288986818944627,0
1745861620,mem,462385152,883380224,259870720,0.0220862391360237,0
1745861630,mem,462385152,883380224,259870720,0.0220862391360237,0
1745861630,cpu,99.69969969971108,0.2002002002002047,0.1001001001001023,0.08288986818944627,0
1745861640,cpu,99.79959919835618,0.1002004008019764,0.1002004008014068,0.08288986818944627,0
1745861640,mem,469901312,883380224,252354560,0.023734287275958388,0
1745861650,mem,477908992,883380224,244346880,-0.045482141,1
1745861650,cpu,99.2985971944643,0.2004008016031059,0.3006012024046589,0.0847075650923294,0
1745861660,mem,477908992,883380224,244346880,-0.045482141,1
1745861660,cpu,99.79919678710782,0.1004016064255469,0.1004016064255469,0.08288986818944627,0
1745861670,mem,477908992,883380224,244346880,-0.045482141,1
1745861670,cpu,100,0,0,0.08288986818944627,0
1745861680,mem,477917184,883380224,244338688,-0.04671504,1
1745861680,cpu,99.4994994994699,0.1001001001001023,0.2002002002002047,0.0847075650923294,0
1745861690,mem,477671424,883380224,244584448,-0.035384643,1
1745861690,cpu,99.79959919835618,0.1002004008014068,0.1002004008014068,0.08288986818944627,0
1745861700,mem,477671424,883380224,244584448,-0.035384643,1
1745861700,cpu,99.80000000010448,0.100000000000623,0.1000000000000545,0.08288986818944627,0
1745861710,mem,477429760,883380224,244826112,-0.023070498,1
1745861710,cpu,98.9979959919267,0.1002004008014068,0.100200400802546,0.08288986818944627,0
1745861720,mem,477429760,883380224,244826112,-0.023070498,1
1745861720,cpu,99.89959839362682,0,0.1004016064256936,0.08288986818944627,0
1745861730,mem,477429760,883380224,244826112,-0.023070498,1
1745861730,cpu,99.89979959910518,0,0,0.08288986818944627,0
1745861740,mem,477437952,883380224,244817920,-0.023466018,1
1745861740,cpu,97.4974974974988,0.1001001000999565,0.1001001000999565,0.08288986818944627,0
1745861750,mem,476434432,883380224,245821440,0.013236572247946832,0
1745861750,cpu,99.59959959966332,0.2002002002002047,0.2002002002002047,0.0847075650923294,0
1745861760,mem,476442624,883380224,245813248,0.015902719729898318,0
1745861760,cpu,99.4989979959626,0.1002004008015529,0.1002004008015529,0.08288986818944627,0
1745861770,mem,476446720,883380224,245809152,0.016640255118301472,0
1745861770,cpu,99.89979959925084,0.1002004008021225,0,0.08288986818944627,0
1745861780,mem,476446720,883380224,245809152,0.016640255118301472,0
1745861780,cpu,99.89919354829334,0,0.1008064516126814,0.08288986818944627,0
1745861790,mem,476454912,883380224,245800960,0.02537328196275268,0
1745861790,cpu,99.59959959966332,0,0.1001001001001023,0.08288986818944627,0
1745861800,mem,476454912,883380224,245800960,0.02537328196275268,0
1745861800,cpu,99.69969969971152,0.1001001000999565,0.2002002001999131,0.0847075650923294,0
1745861810,mem,476454912,883380224,245800960,0.02537328196275268,0
1745861810,cpu,99.79959919835588,0.1002004008015529,0.1002004008015529,0.08288986818944627,0
1745861820,mem,476463104,883380224,245792768,0.027565853774652482,0
1745861820,cpu,99.69969969971152,0.1001001000999565,0.1001001000999565,0.08288986818944627,0
1745861830,mem,476463104,883380224,245792768,0.027565853774652482,0
1745861830,cpu,99.89979959925084,0,0.1002004008026921,0.08288986818944627,0
1745861840,mem,476463104,883380224,245792768,0.027565853774652482,0
1745861840,cpu,99.7993981945429,0.1003009027080214,0.1003009027080214,0.08288986818944627,0
1745861850,mem,476471296,883380224,245784576,0.02556165500087193,0
1745861850,cpu,99.59959959966332,0,0.1001001001001023,0.08288986818944627,0
1745861860,mem,476471296,883380224,245784576,0.02556165500087193,0
1745861860,cpu,99.69939879760672,0.1002004008015529,0.2004008016031059,0.0847075650923294,0
1745861870,cpu,99.79959919835618,0.1002004008019764,0.1002004008014068,0.08288986818944627,0
1745861870,mem,476479488,883380224,245776384,0.023980449499549916,0
1745861880,cpu,99.59959959951824,0.1001001000999565,0.1001001000999565,0.08288986818944627,0
1745861880,mem,476487680,883380224,245768192,0.023382341611544066,0
1745861890,cpu,99.89979959925084,0,0.1002004008015529,0.08288986818944627,0
1745861890,mem,476487680,883380224,245768192,0.023382341611544066,0
1745861900,cpu,99.8994974874898,0,0.100502512562752,0.08288986818944627,0
1745861900,mem,476487680,883380224,245768192,0.023382341611544066,0
1745861910,cpu,99.7993981945429,0.1003009027080214,0,0.08288986818944627,0
1745861910,mem,476512256,883380224,245743616,0.0136309915890378,0
1745861920,cpu,99.69969969971152,0.1001001000999565,0.2002002001999131,0.0847075650923294,0
1745861920,mem,476512256,883380224,245743616,0.0136309915890378,0
1745861930,cpu,99.59999999991852,0.1999999999998181,0.099999999999909,0.08288986818944627,0
1745861930,mem,476512256,883380224,245743616,0.0136309915890378,0
1745861940,cpu,99.60000000006404,0.099999999999909,0.099999999999909,0.08288986818944627,0
1745861940,mem,476532736,883380224,245723136,0.009135339779376861,0
1745861950,cpu,99.79979979975911,0.1001001001005255,0.1001001001010945,0.08288986818944627,0
1745861950,mem,476532736,883380224,245723136,0.009135339779376861,0
1745861960,mem,476528640,883380224,245727232,0.009508809393225515,0
1745861960,cpu,99.89979959925084,0,0.1002004008015529,0.08288986818944627,0
1745861970,mem,479399936,883380224,242855936,-0.089818716,1
1745861970,cpu,99.39759036146869,0.2008032128513872,0.2008032128513872,0.0847075650923294,0
1745861980,mem,478887936,883380224,243367936,-0.084591123,1
1745861980,cpu,99.79959919835618,0.1002004008014068,0.1002004008014068,0.08288986818944627,0
1745861990,mem,478642176,883380224,243613696,-0.079226494,1
1745861990,cpu,99.69969969971108,0.2002002002002047,0,0.08288986818944627,0
1745862000,cpu,99.49949949947064,0.2002002002004821,0.2002002001999131,0.0847075650923294,0
1745862000,mem,478650368,883380224,243605504,-0.079226494,1
1745862010,mem,478420992,883380224,243834880,-0.069385472,1
1745862010,cpu,99.89969909734444,0,0.1003009027080214,0.08288986818944627,0
1745862020,mem,478420992,883380224,243834880,-0.069385472,1
1745862020,cpu,99.79999999995924,0.099999999999909,0.099999999999909,0.08288986818944627,0
1745862030,mem,477138944,883380224,245116928,-0.011411686,1
1745862030,cpu,99.59798994981296,0.100502512562752,0.100502512562752,0.08288986818944627,0
1745862040,mem,472944640,883380224,249311232,-0.001598928,1
1745862040,cpu,99.69969969971108,0.1001001001001023,0.2002002002002047,0.0847075650923294,0
1745862050,mem,472944640,883380224,249311232,-0.001598928,1
1745862050,cpu,99.79959919835618,0.1002004008014068,0.100200400802546,0.08288986818944627,0
1745862060,mem,472952832,883380224,249303040,-0.001979915,1
1745862060,cpu,98.0000000000291,0.1000000000004774,0.099999999999909,0.08288986818944627,0
1745862070,mem,472444928,883380224,249810944,0.006942618685366719,0
1745862070,cpu,99.6990972918869,0.1003009027081678,0.1003009027081678,0.08288986818944627,0
1745862080,mem,472444928,883380224,249810944,0.006942618685366719,0
1745862080,cpu,99.89979959910518,0,0.1002004008014068,0.08288986818944627,0
1745862090,mem,472444928,883380224,249810944,0.006942618685366719,0
1745862090,cpu,99.69909729188734,0.1003009027080214,0.1003009027080214,0.08288986818944627,0
1745862100,mem,472186880,883380224,250060800,0.011721726890356554,0
1745862100,cpu,99.19919919918216,0.1001001000999565,0.2002002001999131,0.0847075650923294,0
1745862110,mem,472195072,883380224,250060800,0.01134094941557573,0
1745862110,cpu,99.89969909734428,0.1003009027081678,0,0.08288986818944627,0
1745862120,mem,472195072,883380224,250060800,0.01134094941557573,0
1745862120,cpu,99.89989989980688,0,0.1001001000998107,0.08288986818944627,0
1745862130,mem,472203264,883380224,250052608,0.011712927248844318,0
1745862130,cpu,99.59959959966332,0.1001001001001023,0.1001001001001023,0.08288986818944627,0
1745862140,mem,472207360,883380224,250048512,0.012084653492122066,0
1745862140,cpu,99.79979979975911,0.1001001001005255,0.1001001000999565,0.08288986818944627,0
1745862150,mem,472207360,883380224,250048512,0.012084653492122066,0
1745862150,cpu,99.79919678725362,0.1004016064256936,0.1004016064256936,0.08288986818944627,0
1745862160,mem,472207360,883380224,250048512,0.012084653492122066,0
1745862160,cpu,99.7993981945429,0,0.2006018054160429,0.0847075650923294,0
1745862170,mem,453001216,883380224,269254656,0.07955486574068471,0
1745862170,cpu,97.99799799802528,0.4004004004004095,1.301301301303607,0.0847075650923294,0
1745862180,cpu,99.69939879760716,0.1002004008014068,0.2004008016028137,0.0847075650923294,0
1745862180,mem,453001216,883380224,269254656,0.07955486574068471,0
1745862190,cpu,99.89979959910504,0.1002004008021225,0,0.08288986818944627,0
1745862190,mem,453001216,883380224,269254656,0.07955486574068471,0
1745862200,cpu,99.69939879760716,0,0.1002004008014068,0.08288986818944627,0
1745862200,mem,453009408,883380224,269246464,0.07955486574068471,0
1745862210,cpu,99.89959839362682,0,0.1004016064256936,0.08288986818944627,0
1745862210,mem,453009408,883380224,269246464,0.07955486574068471,0
1745862220,cpu,99.4999999999709,0.099999999999909,0.2999999999997271,0.0847075650923294,0
1745862220,mem,453140480,883380224,269111296,0.0885824522803157,0
1745862230,cpu,99.59959959966332,0.2002002002002047,0.1001001001001023,0.08288986818944627,0
1745862230,mem,453152768,883380224,269103104,0.08922170595492473,0
1745862240,cpu,99.79979979975911,0.1001001000999565,0.1001001000999565,0.08288986818944627,0
1745862240,mem,453152768,883380224,269103104,0.08922170595492473,0
1745862250,cpu,100,0,0,0.08288986818944627,0
1745862250,mem,453152768,883380224,269103104,0.08922170595492473,0
1745862260,mem,453160960,883380224,269094912,0.09179989651337461,0
1745862260,cpu,99.69969969971152,0,0.1001001000999565,0.08288986818944627,0
1745862270,cpu,99.79919678710782,0.1004016064255469,0.1004016064255469,0.08288986818944627,0
1745862270,mem,453160960,883380224,269094912,0.09179989651337461,0
1745862280,mem,453165056,883380224,269090816,0.09218328771251777,0
1745862280,cpu,99.30000000007465,0.3000000000007321,0.4000000000013551,0.0847075650923294,0
1745862290,mem,453173248,883380224,269082624,0.09320772719237808,0
1745862290,cpu,99.69909729174182,0,0.100300902707875,0.08288986818944627,0
1745862300,mem,453173248,883380224,269082624,0.09320772719237808,0
1745862300,cpu,99.7995991985014,0.100200400801699,0.100200400801699,0.08288986818944627,0
1745862310,mem,453173248,883380224,269082624,0.09320772719237808,0
1745862310,cpu,99.89979959910518,0,0.1002004008014068,0.08288986818944627,0
1745862320,mem,453181440,883380224,269074432,0.09352433381795672,0
1745862320,cpu,99.39939939942302,0.1001001000999565,0.1001001000999565,0.08288986818944627,0
1745862330,cpu,99.89979959925084,0,0.1002004008015529,0.08288986818944627,0
1745862330,mem,453181440,883380224,269074432,0.09352433381795672,0
1745862340,cpu,99.89979959925084,0,0.1002004008015529,0.08288986818944627,0
1745862340,mem,453181440,883380224,269074432,0.09352433381795672,0
1745862350,cpu,99.59879638908582,0.1003009027080214,0.1003009027080214,0.08288986818944627,0
1745862350,mem,453189632,883380224,269066240,0.093142038573863,0
1745862360,cpu,99.79979979975911,0.1001001001005255,0.1001001000999565,0.08288986818944627,0
1745862360,mem,453189632,883380224,269066240,0.093142038573863,0
1745862370,cpu,99.69939879760672,0,0.1002004008015529,0.08288986818944627,0
1745862370,mem,453197824,883380224,269058048,0.09219079894428017,0
1745862380,cpu,99.79979979990448,0.1001001001001023,0.1001001001012403,0.08288986818944627,0
1745862380,mem,453197824,883380224,269058048,0.09219079894428017,0
1745862390,cpu,99.59919839671235,0.2004008016028137,0.1002004008014068,0.08288986818944627,0
1745862390,mem,453206016,883380224,269049856,0.09021549657777889,0
1745862400,cpu,98.2931726907792,0.2008032128513872,1.4056224899608525,0.0847075650923294,0
1745862400,mem,453206016,883380224,269049856,0.09021549657777889,0
1745862410,cpu,99.69939879760716,0.2004008016033833,0.1002004008014068,0.08288986818944627,0
1745862410,mem,453206016,883380224,269049856,0.09021549657777889,0
1745862420,cpu,99.39939939942217,0,0.1001001001001023,0.08288986818944627,0
1745862420,mem,453206016,883380224,269041664,0.08919206790586126,0
1745862430,cpu,99.89979959910518,0.1002004008014068,0,0.08288986818944627,0
1745862430,mem,453214208,883380224,269041664,0.08611729384214079,0
1745862440,cpu,99.69939879760672,0.1002004008015529,0.2004008016031059,0.0847075650923294,0
1745862440,mem,453214208,883380224,269041664,0.08611729384214079,0
1745862450,cpu,99.89979959925084,0,0.1002004008015529,0.08288986818944627,0
1745862450,mem,453214208,883380224,269041664,0.08611729384214079,0
1745862460,cpu,99.49748743715726,0.100502512562605,0.2010050251252101,0.0847075650923294,0
1745862460,mem,453222400,883380224,268922880,0.07583837970272528,0
1745862470,mem,453341184,883380224,268914688,0.07311572881275602,0
1745862470,cpu,99.89969909734428,0.1003009027081678,0,0.08288986818944627,0
1745862480,mem,400498688,883380224,324214784,-0.183253262,1
1745862480,cpu,49.84984984978292,6.606606606603393,18.01801801800925,-0.014029975,1
1745862490,mem,424665088,883380224,300163072,-0.095961573,1
1745862490,cpu,99.49899799610844,0.1002004008015529,0.3006012024046589,0.0847075650923294,0
1745862500,cpu,92.9789368103256,0.7021063189556954,5.516549648937689,0.0847075650923294,0
1745862500,mem,426508288,883380224,298323968,-0.063325305,1
1745862510,cpu,91.9000000000115,0.6000000000008958,4.200000000006839,0.0847075650923294,0
1745862510,mem,439390208,883380224,285437952,-0.018701715,1
1745862520,cpu,98.59578736209228,0.1003009027080214,0.2006018054160429,0.0847075650923294,0
1745862520,mem,439771136,883380224,285057024,-0.019514889,1
1745862530,cpu,95.79158316634845,0.5010020040083345,3.7074148296608778,0.0847075650923294,0
1745862530,mem,455036928,883380224,269791232,0.044925306140015,0
1745862540,cpu,99.49949949947064,0.1001001000999565,0.1001001000999565,0.08288986818944627,0
1745862540,mem,454791168,883380224,270036992,0.050717844005128354,0
1745862550,cpu,99.8998998999524,0.1001001000999565,0,0.08288986818944627,0
1745862550,mem,454791168,883380224,270036992,0.050717844005128354,0
1745862560,cpu,100,0,0,0.08288986818944627,0
1745862560,mem,454791168,883380224,270036992,0.050717844005128354,0
1745862570,cpu,99.39939939942217,0.2002002002007737,0.3003003003003071,0.0847075650923294,0
1745862570,mem,454569984,883380224,270258176,0.04822069720424982,0
1745862580,mem,454696960,883380224,270127104,0.04751987291709636,0
1745862580,cpu,99.89949748734372,0.100502512562605,0,0.08288986818944627,0
1745862590,mem,454701056,883380224,270127104,0.04751987291709636,0
1745862590,cpu,99.7995991985014,0.100200400801699,0.100200400801699,0.08288986818944627,0
1745862600,mem,454709248,883380224,270118912,0.04751987291709636,0
1745862600,cpu,99.49899799596336,0.1002004008014068,0.2004008016028137,0.0847075650923294,0
1745862610,mem,443047936,883380224,281780224,-0.018035681,1
1745862610,cpu,92.48496993987668,0.8016032064129934,6.312625250503534,0.0847075650923294,0
1745862620,mem,445607936,883380224,279007232,-0.00981394,1
1745862620,cpu,97.4949899799589,0.6012024048098875,1.603206412827126,0.0847075650923294,0
1745862630,mem,452214784,883380224,271835136,0.046138450569857214,0
1745862630,cpu,93.64919354834836,1.3104838709665774,3.629032258059969,0.0847075650923294,0
1745862640,mem,417460224,883380224,306339840,-0.125652681,1
1745862640,cpu,49.54591321898852,5.247225025225011,7.669021190713654,0.022286598853797135,0
1745862650,mem,413491200,883380224,308715520,-0.143208237,1
1745862650,cpu,0,8.962739174225703,6.545820745220891,-0.126079994,1
1745862660,cpu,0,9.447236180907264,9.045226130655683,-0.1456692,1
1745862660,mem,408432640,883380224,310730752,-0.153289749,1
1745862670,cpu,0,9.20000000000016,15.299999999999727,-0.1456692,1
1745862670,mem,405925888,883380224,310091776,-0.155738863,1
1745862680,cpu,0.0999999999476131,9.20000000000016,58.40000000000032,-0.196478258,1
1745862680,mem,402251776,883380224,312680448,-0.167741569,1
1745862690,cpu,0,6.1306532663330175,74.87437185931884,-0.196991143,1
1745862690,mem,396689408,883380224,317235200,-0.18678797,1
1745862700,mem,413040640,883380224,302428160,-0.131294524,1
1745862700,cpu,0,5.416248746238289,76.62988966899793,-0.196991143,1
1745862710,cpu,0,6.639839034203928,62.8772635814742,-0.196478258,1
1745862710,mem,423153664,883380224,292003840,-0.049444269,1
1745862720,mem,413736960,883380224,301379584,-0.12615896,1
1745862720,cpu,39.4153225806873,4.838709677419817,5.645161290323024,-0.080024626,1
1745862730,mem,394289152,883380224,320552960,-0.192376445,1
1745862730,cpu,74.77386934666958,1.9095477386912103,6.834170854,0.0847075650923294,0
1745862740,cpu,94.39439439441249,0.6006006006011833,3.703703703707202,0.0847075650923294,0
1745862740,mem,417964032,883380224,297099264,-0.096093984,1
1745862750,cpu,99.49849548643024,0.1003009027080214,0,0.08288986818944627,0
1745862750,mem,418619392,883380224,296427520,-0.092987797,1
1745862760,cpu,99.19839679357052,0.1002004008019764,0.2004008016028137,0.0847075650923294,0
1745862760,mem,427065344,883380224,287997952,0.06521794515160312,0
1745862770,mem,426819584,883380224,288243712,0.048354731889527436,0
1745862770,cpu,99.49949949961484,0.2002002002004963,0.2002002002004963,0.0847075650923294,0
1745862780,cpu,99.79919678710782,0,0,0.08288986818944627,0
1745862780,mem,426999808,883380224,288079872,0.06444657866369768,0
1745862790,cpu,99.70000000001164,0.099999999999909,0.099999999999909,0.08288986818944627,0
1745862790,mem,426999808,883380224,288079872,0.06444657866369768,0
1745862800,mem,426999808,883380224,288079872,0.06444657866369768,0
1745862800,cpu,99.89989989980673,0,0.1001001000999565,0.08288986818944627,0
1745862810,cpu,99.7995991985017,0.1002004008015529,0,0.08288986818944627,0
1745862810,mem,426958848,883380224,288169984,0.05852716570285543,0
1745862820,cpu,99.59919839671235,0.1002004008014068,0.3006012024042206,0.0847075650923294,0
1745862820,mem,426967040,883380224,288161792,0.06130168884927023,0
1745862830,cpu,99.49748743715654,0.3015075376888275,0.2010050251255041,0.0847075650923294,0
1745862830,mem,426979328,883380224,288149504,0.06178008283596664,0
1745862840,mem,426983424,883380224,288075776,0.06397073833275757,0
1745862840,cpu,99.69969969971152,0,0.1001001001010945,0.08288986818944627,0
1745862850,mem,427073536,883380224,288059392,0.06862365722371155,0
1745862850,cpu,99.89979959925084,0,0.1002004008015529,0.08288986818944627,0
1745862860,cpu,100,0,0,0.08288986818944627,0
1745862860,mem,427073536,883380224,288059392,0.06862365722371155,0
1745862870,mem,427081728,883380224,288051200,0.06822101217797016,0
1745862870,cpu,99.60000000006345,0.1000000000000545,0.1000000000000545,0.08288986818944627,0
1745862880,cpu,99.79959919835618,0,0.2004008016028137,0.0847075650923294,0
1745862880,mem,427081728,883380224,288051200,0.06822101217797016,0
1745862890,cpu,99.69909729188734,0.2006018054160429,0.1003009027080214,0.08288986818944627,0
1745862890,mem,427085824,883380224,288047104,0.06822101217797016,0
1745862900,cpu,99.69939879760672,0,0.1002004008015529,0.08288986818944627,0
1745862900,mem,427094016,883380224,288038912,0.06721913750105052,0
1745862910,mem,427859968,883380224,287272960,0.04801243291805757,0
1745862910,cpu,99.69969969971108,0.1001001001001023,0.1001001001001023,0.08288986818944627,0
1745862920,mem,427954176,883380224,287137792,0.04349480989560228,0
1745862920,cpu,99.59959959951884,0.1001001001003797,0.3003003002994323,0.0847075650923294,0
1745862930,mem,428003328,883380224,287125504,0.044866606182303426,0
1745862930,cpu,99.599198396857,0.100200400801699,0.100200400801699,0.08288986818944627,0
1745862940,mem,428007424,883380224,287125504,0.044866606182303426,0
1745862940,cpu,99.79979979975911,0.1001001000999565,0.1001001001010945,0.08288986818944627,0
1745862950,cpu,99.79919678710782,0.1004016064255469,0.1004016064255469,0.08288986818944627,0
1745862950,mem,428007424,883380224,287125504,0.044866606182303426,0
1745862960,cpu,99.49899799596336,0.1002004008014068,0.2004008016028137,0.0847075650923294,0
1745862960,mem,428265472,883380224,286867456,0.04293371200128948,0
1745862970,cpu,99.89979959925084,0,0.1002004008015529,0.08288986818944627,0
1745862970,mem,428265472,883380224,286867456,0.04293371200128948,0
1745862980,mem,428265472,883380224,286867456,0.04293371200128948,0
1745862980,cpu,99.79979979975911,0.1001001000999565,0.1001001000999565,0.08288986818944627,0
1745862990,cpu,99.7995991985014,0,0.100200400801699,0.08288986818944627,0
1745862990,mem,428269568,883380224,286859264,0.042231780282615206,0
1745863000,mem,428310528,883380224,286822400,0.04293371200128948,0
1745863000,cpu,99.29929929922974,0.1001001001005255,0.2002002001999131,0.0847075650923294,0
1745863010,mem,428343296,883380224,286789632,0.041092262637297594,0
1745863010,cpu,99.69879518073478,0.1004016064255469,0.1004016064255469,0.08288986818944627,0
1745863020,cpu,99.49949949947064,0.2002002001999131,0.2002002001999131,0.0847075650923294,0
1745863020,mem,428560384,883380224,286572544,0.032485736098341156,0
1745863030,mem,430358528,883380224,284717056,0.003954748125166052,0
1745863030,cpu,99.39879759521348,0.1002004008015529,0.2004008016042451,0.0847075650923294,0
1745863040,mem,426651648,883380224,288522240,0.03957699293192718,0
1745863040,cpu,99.599198396857,0.100200400801699,0.2004008016033981,0.0847075650923294,0
1745863050,cpu,99.29999999993116,0.1000000000003319,0.0999999999997635,0.08288986818944627,0
1745863050,mem,426905600,883380224,288268288,0.05202843334645979,0
1745863060,cpu,100,0,0,0.08288986818944627,0
1745863060,mem,426905600,883380224,288268288,0.05202843334645979,0
1745863070,mem,426905600,883380224,288268288,0.05202843334645979,0
1745863070,cpu,99.69909729188734,0.2006018054160429,0.1003009027080214,0.08288986818944627,0
1745863080,mem,427040768,883380224,288133120,0.06979888295041975,0
1745863080,cpu,99.49949949947064,0.1001001000999565,0.3003003002998697,0.0847075650923294,0
1745863090,mem,427040768,883380224,288133120,0.06979888295041975,0
1745863090,cpu,99.8997995992507,0.100200400801699,0,0.08288986818944627,0
1745863100,mem,427040768,883380224,288133120,0.06979888295041975,0
1745863100,cpu,99.89979959925084,0,0.1002004008015529,0.08288986818944627,0
1745863110,cpu,99.69969969956628,0,0.1001001000998107,0.08288986818944627,0
1745863110,mem,427048960,883380224,288124928,0.07058959342188353,0
1745863120,mem,427048960,883380224,288124928,0.07058959342188353,0
1745863120,cpu,99.69969969971152,0.1001001000999565,0.2002002001999131,0.0847075650923294,0
1745863130,mem,427048960,883380224,288124928,0.07058959342188353,0
1745863130,cpu,99.59839357436114,0.200803212851958,0.100401606426835,0.08288986818944627,0
1745863140,mem,427057152,883380224,288116736,0.07056947961744486,0
1745863140,cpu,99.2985971943185,0.1002004008015529,0.2004008016031059,0.0847075650923294,0
1745863150,cpu,99.89979959925084,0.1002004008015529,0,0.08288986818944627,0
1745863150,mem,427057152,883380224,288116736,0.07056947961744486,0
1745863160,mem,427057152,883380224,288116736,0.07056947961744486,0
1745863160,cpu,99.79979979975911,0,0.2002002001999131,0.0847075650923294,0
1745863170,cpu,99.19759277831758,0.1003009027080214,0,0.08288986818944627,0
1745863170,mem,427130880,883380224,288043008,0.06665162821274806,0
1745863180,mem,427130880,883380224,288043008,0.06665162821274806,0
1745863180,cpu,99.80000000010476,0.099999999999909,0.099999999999909,0.08288986818944627,0
1745863190,mem,427233280,883380224,287940608,0.05665637434379567,0
1745863190,cpu,99.79959919835588,0.1002004008015529,0.1002004008015529,0.08288986818944627,0
1745863200,cpu,99.69849246232316,0.1005025125633233,0.100502512562752,0.08288986818944627,0
1745863200,mem,427241472,883380224,287932416,0.05665637434379567,0
1745863210,cpu,99.89979959925084,0,0.1002004008015529,0.08288986818944627,0
1745863210,mem,427241472,883380224,287932416,0.05665637434379567,0
1745863220,mem,429137920,883380224,286035968,0.01940159733649871,0
1745863220,cpu,99.29929929922974,0.3003003002998697,0.3003003002998697,0.0847075650923294,0
1745863230,mem,429146112,883380224,286027776,0.01940159733649871,0
1745863230,cpu,99.49949949947064,0.1001001000999565,0.2002002002010511,0.0847075650923294,0
1745863240,mem,429232128,883380224,285941760,0.01793301113845358,0
1745863240,cpu,99.59919839685756,0.1002004008015529,0.3006012024046589,0.0847075650923294,0
1745863250,mem,429301760,883380224,285872128,0.016620455760807062,0
1745863250,cpu,99.69909729188734,0.200601805416613,0.1003009027080214,0.08288986818944627,0
1745863260,cpu,99.59879638908582,0.1003009027080214,0.1003009027080214,0.08288986818944627,0
1745863260,mem,429314048,883380224,285859840,0.012644713813601882,0
1745863270,mem,436830208,883380224,278343680,0.017756495024198404,0
1745863270,cpu,99.19919919918216,0.2002002001999131,0.5005005004997828,0.0847075650923294,0
1745863280,mem,436936704,883380224,278237184,0.012384907470394668,0
1745863280,cpu,99.49949949961557,0.2002002002007737,0.3003003003014451,0.0847075650923294,0
1745863290,mem,437006336,883380224,278167552,0.009095405063680562,0
1745863290,cpu,99.2971887549504,0.2008032128510939,0.3012048192766408,0.0847075650923294,0
1745863300,cpu,99.79979979975911,0.1001001000999565,0.1001001000999565,0.08288986818944627,0
1745863300,mem,437006336,883380224,278167552,0.009095405063680562,0
1745863310,mem,436760576,883380224,278413312,0.02173271797542986,0
1745863310,cpu,99.49949949961557,0.3003003003003071,0.2002002002002047,0.0847075650923294,0
1745863320,cpu,99.5975855129966,0,0.1006036217302672,0.08288986818944627,0
1745863320,mem,436776960,883380224,278396928,0.0210020782328324,0
1745863330,cpu,99.89979959925084,0.1002004008021225,0,0.08288986818944627,0
1745863330,mem,436776960,883380224,278396928,0.0210020782328324,0
1745863340,cpu,99.69969969971152,0.1001001000999565,0.2002002001999131,0.0847075650923294,0
1745863340,mem,436776960,883380224,278396928,0.0210020782328324,0
1745863350,cpu,99.09909909898887,0.2002002001999131,0.3003003003010077,0.0847075650923294,0
1745863350,mem,436666368,883380224,278507520,0.028297609738744067,0
1745863360,cpu,99.7995991985017,0.1002004008015529,0.1002004008015529,0.08288986818944627,0
1745863360,mem,436670464,883380224,278503424,0.028297609738744067,0
1745863370,mem,436670464,883380224,278503424,0.028297609738744067,0
1745863370,cpu,99.69969969971108,0.1001001001001023,0.2002002002002047,0.0847075650923294,0
1745863380,cpu,99.69849246232316,0.1005025125633233,0.100502512562752,0.08288986818944627,0
1745863380,mem,436678656,883380224,278495232,0.02860465482378527,0
1745863390,mem,436678656,883380224,278495232,0.02860465482378527,0
1745863390,cpu,99.89979959910518,0,0.1002004008014068,0.08288986818944627,0
1745863400,mem,436678656,883380224,278495232,0.02860465482378527,0
1745863400,cpu,99.60039960046336,0.0999000999000613,0.1998001998001226,0.0847075650923294,0
1745863410,cpu,99.59959959951824,0,0.1001001000999565,0.08288986818944627,0
1745863410,mem,436686848,883380224,278487040,0.026967837418032548,0
1745863420,cpu,99.79979979990448,0.1001001001001023,0.1001001001001023,0.08288986818944627,0
1745863420,mem,436686848,883380224,278487040,0.026967837418032548,0
1745863430,mem,444440576,883380224,270733312,0.03354756405320258,0
1745863430,cpu,99.69969969971152,0.1001001000999565,0.2002002001999131,0.0847075650923294,0
1745863440,mem,444186624,883380224,270987264,0.03006639747238793,0
1745863440,cpu,99.49748743715654,0.100502512562752,0.1005025125638946,0.08288986818944627,0
1745863450,mem,443965440,883380224,271208448,0.02670686644346354,0
1745863450,cpu,99.69939879760672,0.1002004008015529,0.2004008016031059,0.0847075650923294,0
1745863460,cpu,99.59959959951884,0.2002002002001905,0.2002002001996215,0.0847075650923294,0
1745863460,mem,444030976,883380224,271142912,0.027248880512396934,0
1745863470,cpu,99.39939939942217,0.1001001001001023,0.3003003003003071,0.0847075650923294,0
1745863470,mem,444030976,883380224,271134720,0.027248880512396934,0
1745863480,mem,451788800,883380224,263385088,0.047142902250435714,0
1745863480,cpu,99.59919839685756,0.2004008016031059,0.2004008016031059,0.0847075650923294,0
1745863490,mem,451313664,883380224,263860224,0.05844506974501007,0
1745863490,cpu,99.4999999999709,0.2000000000003865,0.1999999999998181,0.0847075650923294,0
1745863500,cpu,99.59636730566967,0.1009081735619311,0.2018163471250095,0.0847075650923294,0
1745863500,mem,451313664,883380224,263860224,0.05844506974501007,0
1745863510,cpu,99.69969969971152,0.1001001000999565,0.1001001000999565,0.08288986818944627,0
1745863510,mem,451321856,883380224,263852032,0.059125076921330066,0
1745863520,cpu,99.7995991985014,0.100200400801699,0.100200400801699,0.08288986818944627,0
1745863520,mem,451321856,883380224,263852032,0.059125076921330066,0
1745863530,cpu,99.69969969971152,0,0.3003003002998697,0.0847075650923294,0
1745863530,mem,451321856,883380224,263852032,0.059125076921330066,0
1745863540,mem,451334144,883380224,263839744,0.059125076921330066,0
1745863540,cpu,99.59959959951824,0.1001001000999565,0.2002002001999131,0.0847075650923294,0
1745863550,cpu,99.79959919835618,0.1002004008014068,0.1002004008014068,0.08288986818944627,0
1745863550,mem,451334144,883380224,263839744,0.059125076921330066,0
1745863560,cpu,99.59839357436114,0.200803212851958,0.2008032128513872,0.0847075650923294,0
1745863560,mem,451334144,883380224,263839744,0.059125076921330066,0
1745863570,mem,451416064,883380224,263757824,0.054955286355076405,0
1745863570,cpu,99.69969969971108,0,0.1001001001001023,0.08288986818944627,0
1745863580,mem,451416064,883380224,263757824,0.054955286355076405,0
1745863580,cpu,99.69969969971152,0.1001001000999565,0.2002002002010511,0.0847075650923294,0
1745863590,mem,451735552,883380224,263438336,0.04998843410110887,0
1745863590,cpu,99.89969909719862,0.100300902707875,0,0.08288986818944627,0
1745863600,mem,451743744,883380224,263430144,0.04778665403771443,0
1745863600,cpu,99.0972918756607,0.2006018054163356,0.5015045135408391,0.0847075650923294,0
1745863610,mem,451743744,883380224,263430144,0.04778665403771443,0
1745863610,cpu,99.69969969971152,0.2002002002004821,0.1001001000999565,0.08288986818944627,0
1745863620,mem,459776000,883380224,255397888,0.10887154444979674,0
1745863620,cpu,99.79959919835588,0.1002004008015529,0.1002004008015529,0.08288986818944627,0
1745863630,mem,459653120,883380224,255516672,0.10531242363692844,0
1745863630,cpu,99.19759277846237,0.2006018054163356,0.3009027081245035,0.0847075650923294,0
1745863640,cpu,99.49949949947064,0.2002002001999131,0.3003003003010077,0.0847075650923294,0
1745863640,mem,459988992,883380224,255184896,0.11432286190983071,0
1745863650,cpu,99.19839679357052,0.1002004008019764,0.1002004008014068,0.08288986818944627,0
1745863650,mem,460013568,883380224,255160320,0.11544144341347162,0
1745863660,cpu,99.69939879760672,0.1002004008015529,0.2004008016031059,0.0847075650923294,0
1745863660,mem,460128256,883380224,255045632,0.1081570032968941,0
1745863670,mem,460148736,883380224,255025152,0.1071191288038153,0
1745863670,cpu,99.39939939942217,0.3003003003003071,0.3003003003003071,0.0847075650923294,0
1745863680,cpu,99.69969969956628,0,0.1001001000998107,0.08288986818944627,0
1745863680,mem,460156928,883380224,255016960,0.1071191288038153,0
1745863690,cpu,99.79919678725362,0.1004016064256936,0.1004016064256936,0.08288986818944627,0
1745863690,mem,460156928,883380224,255016960,0.1071191288038153,0
1745863700,cpu,99.89979959910518,0,0.1002004008014068,0.08288986818944627,0
1745863700,mem,460156928,883380224,255016960,0.1071191288038153,0
1745863710,cpu,99.7995991985014,0,0.100200400801699,0.08288986818944627,0
1745863710,mem,460271616,883380224,254902272,0.0998699356615127,0
1745863720,cpu,98.89999999999418,0.2000000000003865,0.8000000000004093,0.0847075650923294,0
1745863720,mem,461443072,883380224,253730816,0.08084949008757697,0
1745863730,cpu,99.69939879760672,0.1002004008015529,0.1002004008015529,0.08288986818944627,0
1745863730,mem,461443072,883380224,253730816,0.08084949008757697,0
1745863740,mem,461447168,883380224,253726720,0.08084949008757697,0
1745863740,cpu,99.79999999995954,0.0999999999997635,0.0999999999997635,0.08288986818944627,0
1745863750,mem,461455360,883380224,253718528,0.08059176393439227,0
1745863750,cpu,99.49748743715654,0,0.100502512562752,0.08288986818944627,0
1745863760,cpu,99.79959919835618,0.1002004008014068,0.1002004008014068,0.08288986818944627,0
1745863760,mem,461447168,883380224,253726720,0.08084949008757697,0
1745863770,cpu,99.7995991985014,0.100200400801699,0.100200400801699,0.08288986818944627,0
1745863770,mem,461447168,883380224,253726720,0.08084949008757697,0
1745863780,cpu,99.29859719431953,0.1002004008014068,0.100200400802546,0.08288986818944627,0
1745863780,mem,461459456,883380224,253714432,0.08059176393439227,0
1745863790,cpu,99.79959919835618,0.1002004008019764,0.1002004008014068,0.08288986818944627,0
1745863790,mem,461459456,883380224,253714432,0.08059176393439227,0
1745863800,mem,461459456,883380224,253714432,0.08059176393439227,0
1745863800,cpu,99.89989989995225,0,0.1001001001001023,0.08288986818944627,0
1745863810,mem,461467648,883380224,253706240,0.07951846324430628,0
1745863810,cpu,99.79879275649829,0.1006036217302672,0,0.08288986818944627,0
1745863820,cpu,99.89979959925084,0,0.1002004008015529,0.08288986818944627,0
1745863820,mem,461615104,883380224,253558784,0.07210248541745135,0
1745863830,mem,457445376,883380224,257728512,0.05976083406779076,0
1745863830,cpu,99.69969969971108,0.2002002002002047,0.1001001001001023,0.08288986818944627,0
1745863840,mem,457453568,883380224,257716224,0.05812152793411607,0
1745863840,cpu,98.99899899894272,0,0.3003003002994323,0.0847075650923294,0
1745863850,cpu,99.39879759521348,0.2004008016031059,0.3006012024046589,0.0847075650923294,0
1745863850,mem,457629696,883380224,257544192,0.054556748211808004,0
1745863860,cpu,99.79979979975911,0.1001001001005255,0.1001001000999565,0.08288986818944627,0
1745863860,mem,457629696,883380224,257523712,0.055242013400102596,0
1745863870,mem,457658368,883380224,257515520,0.059213614119997926,0
1745863870,cpu,99.69849246232316,0.100502512562752,0.1005025125638946,0.08288986818944627,0
1745863880,cpu,99.59959959966332,0.1001001001001023,0.3003003003003071,0.0847075650923294,0
1745863880,mem,457658368,883380224,257515520,0.059213614119997926,0
1745863890,cpu,99.79959919835588,0.1002004008015529,0.1002004008015529,0.08288986818944627,0
1745863890,mem,457662464,883380224,257511424,0.059213614119997926,0
1745863900,mem,457670656,883380224,257503232,0.059213614119997926,0
1745863900,cpu,99.39879759521436,0.1002004008014068,0.3006012024042206,0.0847075650923294,0
1745863910,mem,457670656,883380224,257503232,0.059213614119997926,0
1745863910,cpu,99.69939879760672,0.1002004008015529,0.1002004008015529,0.08288986818944627,0
1745863920,cpu,100,0,0,0.08288986818944627,0
1745863920,mem,457670656,883380224,257503232,0.059213614119997926,0
1745863930,cpu,99.4979919678426,0.1004016064261176,0.1004016064255469,0.08288986818944627,0
1745863930,mem,457678848,883380224,257495040,0.0574414716020506,0
1745863940,cpu,99.70000000001164,0.099999999999909,0.1999999999998181,0.0847075650923294,0
1745863940,mem,457678848,883380224,257495040,0.0574414716020506,0
1745863950,cpu,99.29859719446328,0.2004008016033981,0.2004008016045373,0.0847075650923294,0
1745863950,mem,465342464,883380224,249831424,0.10581473441238526,0
1745863960,mem,470716416,883380224,244457472,-0.018664322,1
1745863960,cpu,99.6993987974618,0,0.3006012024037823,0.0847075650923294,0
1745863970,mem,419487744,883380224,295686144,-0.088627347,1
1745863970,cpu,88.48848848853602,1.4014014014025713,9.809809809819138,0.0583661369580446,0
1745863980,mem,435343360,883380224,279822336,0.023050962029182887,0
1745863980,cpu,99.69909729188734,0,0.2006018054160429,0.0847075650923294,0
1745863990,mem,435396608,883380224,279777280,0.025306834993855776,0
1745863990,cpu,99.79899497483336,0.100502512562752,0.100502512562752,0.08288986818944627,0
1745864000,cpu,99.79979979990448,0.1001001001006713,0.1001001001001023,0.08288986818944627,0
1745864000,mem,435396608,883380224,279777280,0.025306834993855776,0
1745864010,cpu,99.89989989980673,0,0.1001001000999565,0.08288986818944627,0
1745864010,mem,435396608,883380224,279777280,0.025306834993855776,0
1745864020,mem,435404800,883380224,279769088,0.02592539875232247,0
1745864020,cpu,99.5995995996639,0.1001001000999565,0,0.08288986818944627,0
1745864030,mem,435224576,883380224,279949312,0.023983719191230324,0
1745864030,cpu,99.4989979959626,0.1002004008015529,0.4008016032062119,0.0847075650923294,0
1745864040,cpu,99.89989989995225,0.1001001001001023,0,0.08288986818944627,0
1745864040,mem,435224576,883380224,279949312,0.023983719191230324,0
1745864050,mem,435232768,883380224,279941120,0.024347145992565822,0
1745864050,cpu,99.69939879760716,0,0.1002004008014068,0.08288986818944627,0
1745864060,mem,435232768,883380224,279941120,0.024347145992565822,0
1745864060,cpu,99.7993981945429,0.1003009027080214,0.1003009027091617,0.08288986818944627,0
1745864070,cpu,99.89969909719848,0,0.1003009027080214,0.08288986818944627,0
1745864070,mem,443490304,883380224,271683584,0.021051020572071977,0
1745864080,cpu,99.49949949961557,0.1001001001001023,0.2002002002002047,0.0847075650923294,0
1745864080,mem,443498496,883380224,271675392,0.02000763720428933,0
1745864090,mem,442511360,883380224,272662528,0.0071336316708146,0
1745864090,cpu,99.69909729188734,0.200601805416613,0.1003009027080214,0.08288986818944627,0
1745864100,cpu,99.59959959951824,0.1001001000999565,0.3003003002998697,0.0847075650923294,0
1745864100,mem,442605568,883380224,272568320,0.007883025124356569,0
1745864110,cpu,99.49949949947064,0.1001001000999565,0.2002002001999131,0.0847075650923294,0
1745864110,mem,442613760,883380224,272560128,0.008708951424831302,0
1745864120,mem,442613760,883380224,272560128,0.008708951424831302,0
1745864120,cpu,99.79919678725362,0,0.1004016064256936,0.08288986818944627,0
1745864130,mem,442613760,883380224,272560128,0.008708951424831302,0
1745864130,cpu,99.89989989980673,0.1001001000999565,0,0.08288986818944627,0
1745864140,mem,442621952,883380224,272551936,0.008708951424831302,0
1745864140,cpu,99.69939879760672,0.1002004008015529,0.1002004008015529,0.08288986818944627,0
1745864150,mem,460804096,883380224,254365696,0.08451893018827339,0
1745864150,cpu,93.97590361454056,1.1044176706837716,2.2088353413675432,0.0847075650923294,0
1745864160,cpu,99.79959919835618,0,0.2004008016028137,0.0847075650923294,0
1745864160,mem,456609792,883380224,258560000,0.05398790887626681,0
1745864170,cpu,99.89979959910518,0,0.1002004008014068,0.08288986818944627,0
1745864170,mem,456609792,883380224,258560000,0.05398790887626681,0
1745864180,mem,456609792,883380224,258551808,0.05398790887626681,0
1745864180,cpu,99.49849548657546,0.1003009027081678,0.1003009027081678,0.08288986818944627,0
1745864190,mem,456617984,883380224,258551808,0.05398790887626681,0
1745864190,cpu,99.89979959910518,0,0.100200400802546,0.08288986818944627,0
1745864200,cpu,99.4989979961077,0.2004008016039677,0.3006012024050972,0.0847075650923294,0
1745864200,mem,456617984,883380224,258551808,0.05398790887626681,0
1745864210,mem,456617984,883380224,258551808,0.05398790887626681,0
1745864210,cpu,99.79979979975911,0.1001001000999565,0.1001001000999565,0.08288986818944627,0
1745864220,mem,456626176,883380224,258543616,0.05485709881851508,0
1745864220,cpu,99.7993981945429,0.1003009027080214,0,0.08288986818944627,0
1745864230,cpu,99.59919839685756,0.1002004008015529,0.3006012024046589,0.0847075650923294,0
1745864230,mem,456658944,883380224,258510848,0.05961320455253705,0
1745864240,mem,456658944,883380224,258510848,0.05961320455253705,0
1745864240,cpu,99.79919678710782,0.1004016064255469,0.1004016064255469,0.08288986818944627,0
1745864250,cpu,98.79759519042692,0,0.1002004008015529,0.08288986818944627,0
1745864250,mem,456675328,883380224,258494464,0.0645328304018275,0
1745864260,cpu,99.79979979975911,0.1001001000999565,0.1001001000999565,0.08288986818944627,0
1745864260,mem,456675328,883380224,258494464,0.0645328304018275,0
1745864270,cpu,99.79959919835618,0.1002004008019764,0.1002004008014068,0.08288986818944627,0
1745864270,mem,456675328,883380224,258494464,0.0645328304018275,0
1745864280,cpu,100,0,0,0.08288986818944627,0
1745864280,mem,456675328,883380224,258494464,0.0645328304018275,0
1745864290,mem,456683520,883380224,258486272,0.06666288352796818,0
1745864290,cpu,99.50049950047016,0.0999000999000613,0.1998001998012583,0.0847075650923294,0
1745864300,mem,456683520,883380224,258486272,0.06666288352796818,0
1745864300,cpu,99.7989949749796,0.100502512562752,0.100502512562752,0.08288986818944627,0
1745864310,cpu,99.39999999987776,0.099999999999909,0.1999999999998181,0.0847075650923294,0
1745864310,mem,456695808,883380224,258473984,0.06744106300074854,0
1745864320,cpu,99.7995991985017,0,0.2004008016031059,0.0847075650923294,0
1745864320,mem,456695808,883380224,258473984,0.06744106300074854,0
1745864330,mem,456695808,883380224,258473984,0.06744106300074854,0
1745864330,cpu,99.89969909719862,0.100300902707875,0,0.08288986818944627,0
1745864340,mem,456704000,883380224,258465792,0.06636815837273935,0
1745864340,cpu,99.69939879760672,0.1002004008015529,0.1002004008015529,0.08288986818944627,0
1745864350,mem,456708096,883380224,258461696,0.0658658458883894,0
1745864350,cpu,99.69939879760672,0.1002004008021225,0.2004008016031059,0.0847075650923294,0
1745864360,cpu,99.69879518073434,0.1004016064256936,0.2008032128513872,0.0847075650923294,0
1745864360,mem,456712192,883380224,258457600,0.06512534669819231,0
1745864370,cpu,99.69939879760716,0.1002004008014068,0,0.08288986818944627,0
1745864370,mem,456720384,883380224,258449408,0.06411718218530776,0
1745864380,cpu,99.89979959925084,0,0.1002004008015529,0.08288986818944627,0
1745864380,mem,456720384,883380224,258449408,0.06411718218530776,0
1745864390,cpu,99.7000000000112,0.2000000000001091,0.1000000000011914,0.08288986818944627,0
1745864390,mem,456720384,883380224,258449408,0.06411718218530776,0
1745864400,cpu,99.59959959951884,0,0.1001001000998107,0.08288986818944627,0
1745864400,mem,456728576,883380224,258441216,0.06343596325697404,0
1745864410,cpu,99.4994994994699,0.3003003003008761,0.2002002002002047,0.0847075650923294,0
1745864410,mem,455700480,883380224,259469312,0.04370141150650042,0
1745864420,mem,440594432,883380224,274518016,0.0007342293594523319,0
1745864420,cpu,94.89489489,0.700700700700265,4.20420420420159,0.0847075650923294,0
1745864430,mem,460558336,883380224,254603264,0.09060824452815514,0
1745864430,cpu,93.52589641439648,0.8964143426298047,4.9800796812780765,0.0847075650923294,0
1745864440,mem,460558336,883380224,254603264,0.09060824452815514,0
1745864440,cpu,99.7993981945429,0,0.2006018054160429,0.0847075650923294,0
1745864450,mem,463925248,883380224,251240448,0.0873913911955127,0
1745864450,cpu,99.59919839671235,0.2004008016033833,0.2004008016028137,0.0847075650923294,0
1745864460,mem,463933440,883380224,251232256,0.0873913911955127,0
1745864460,cpu,99.4989979961077,0,0.1002004008028382,0.08288986818944627,0
1745864470,mem,463933440,883380224,251232256,0.0873913911955127,0
1745864470,cpu,99.79979979975911,0.1001001000999565,0.1001001000999565,0.08288986818944627,0
1745864480,mem,459534336,883380224,255631360,0.10172961841806227,0
1745864480,cpu,99.59959959966332,0.2002002002002047,0.2002002002002047,0.0847075650923294,0
1745864490,mem,459538432,883380224,255627264,0.10172961841806227,0
1745864490,cpu,99.59839357421622,0,0.1004016064254002,0.08288986818944627,0
1745864500,mem,459538432,883380224,255627264,0.10172961841806227,0
1745864500,cpu,99.79979979975884,0.1001001001001023,0.1001001001001023,0.08288986818944627,0
1745864510,mem,459538432,883380224,255627264,0.10172961841806227,0
1745864510,cpu,99.7995991985017,0.1002004008015529,0.1002004008015529,0.08288986818944627,0
1745864520,mem,459550720,883380224,255614976,0.10323575751795472,0
1745864520,cpu,99.59919839671235,0.1002004008014068,0.1002004008014068,0.08288986818944627,0
1745864530,mem,459550720,883380224,255614976,0.10323575751795472,0
1745864530,cpu,99.70000000001164,0.1000000000004774,0.099999999999909,0.08288986818944627,0
1745864540,mem,459550720,883380224,255614976,0.10323575751795472,0
1745864540,cpu,99.79959919835588,0.1002004008015529,0.1002004008015529,0.08288986818944627,0
1745864550,cpu,99.59839357436114,0.1004016064256936,0.1004016064256936,0.08288986818944627,0
1745864550,mem,459554816,883380224,255610880,0.10317147611965954,0
1745864560,cpu,99.69969969971152,0.1001001000999565,0.2002002002010511,0.0847075650923294,0
1745864560,mem,459554816,883380224,255610880,0.10317147611965954,0
1745864570,cpu,99.89969909734444,0.1003009027080214,0,0.08288986818944627,0
1745864570,mem,459554816,883380224,255610880,0.10317147611965954,0
1745864580,cpu,99.59999999991852,0.099999999999909,0.099999999999909,0.08288986818944627,0
1745864580,mem,459563008,883380224,255602688,0.1035455816101914,0
1745864590,cpu,99.89979959925084,0,0.1002004008015529,0.08288986818944627,0
1745864590,mem,459563008,883380224,255602688,0.1035455816101914,0
1745864600,mem,459816960,883380224,255340544,0.10772942589629231,0
1745864600,cpu,99.30209371877476,0.0997008973084187,0.199401794615704,0.0847075650923294,0
1745864610,cpu,97.17457114027096,0.1009081735620793,0.1009081735620793,0.08288986818944627,0
1745864610,mem,459837440,883380224,255328256,0.10876534066891103,0
1745864620,cpu,99.89979959925084,0.1002004008015529,0,0.08288986818944627,0
1745864620,mem,459837440,883380224,255328256,0.10876534066891103,0
1745864630,cpu,99.29789368097416,0.100300902707875,0.2006018054157501,0.0847075650923294,0
1745864630,mem,459931648,883380224,255234048,0.1122900471059145,0
1745864640,cpu,99.70000000001164,0.099999999999909,0.099999999999909,0.08288986818944627,0
1745864640,mem,459931648,883380224,255234048,0.1122900471059145,0
1745864650,cpu,99.59959959966332,0.1001001001001023,0.3003003003003071,0.0847075650923294,0
1745864650,mem,459931648,883380224,255234048,0.1122900471059145,0
1745864660,mem,459939840,883380224,255225856,0.11402033204526762,0
1745864660,cpu,99.39939939942217,0.1001001001006713,0.1001001001001023,0.08288986818944627,0
1745864670,cpu,99.89959839348086,0,0.1004016064266883,0.08288986818944627,0
1745864670,mem,459939840,883380224,255225856,0.11402033204526762,0
1745864680,mem,459939840,883380224,255225856,0.11402033204526762,0
1745864680,cpu,99.69969969971152,0.1001001000999565,0.2002002001999131,0.0847075650923294,0
1745864690,mem,459948032,883380224,255217664,0.11402033204526762,0
1745864690,cpu,99.59919839685756,0.1002004008015529,0.1002004008015529,0.08288986818944627,0
1745864700,cpu,99.79979979975911,0.1001001000999565,0.1001001000999565,0.08288986818944627,0
1745864700,mem,459948032,883380224,255217664,0.11402033204526762,0
1745864710,mem,460005376,883380224,255160320,0.11544144341347162,0
1745864710,cpu,99.89979959925084,0.1002004008015529,0,0.08288986818944627,0
1745864720,cpu,99.39879759506852,0.2004008016033833,0.3006012024042206,0.0847075650923294,0
1745864720,mem,460013568,883380224,255152128,0.11544144341347162,0
1745864730,mem,460017664,883380224,255148032,0.11519031486124526,0
1745864730,cpu,99.69879518073434,0.1004016064256936,0.2008032128513872,0.0847075650923294,0
1745864740,cpu,99.79939819468856,0,0.1003009027081678,0.08288986818944627,0
1745864740,mem,460021760,883380224,255143936,0.11519031486124526,0
1745864750,mem,460029952,883380224,255135744,0.11519031486124526,0
1745864750,cpu,99.49949949947064,0.2002002001999131,0.1001001000999565,0.08288986818944627,0
1745864760,mem,460029952,883380224,255135744,0.11519031486124526,0
1745864760,cpu,99.89979959910518,0,0.100200400802546,0.08288986818944627,0
1745864770,mem,460029952,883380224,255135744,0.11519031486124526,0
1745864770,cpu,99.80000000010476,0.099999999999909,0.099999999999909,0.08288986818944627,0
1745864780,mem,460038144,883380224,255127552,0.1152529099084546,0
1745864780,cpu,99.69939879760672,0,0.1002004008015529,0.08288986818944627,0
1745864790,mem,460038144,883380224,255127552,0.1152529099084546,0
1745864790,cpu,99.7993981945429,0.1003009027080214,0.1003009027080214,0.08288986818944627,0
1745864800,mem,460038144,883380224,255127552,0.1152529099084546,0
1745864800,cpu,99.79959919835588,0,0.2004008016031059,0.0847075650923294,0
1745864810,cpu,99.59919839685756,0.1002004008015529,0.1002004008015529,0.08288986818944627,0
1745864810,mem,460046336,883380224,255119360,0.1152529099084546,0
1745864820,mem,460046336,883380224,255119360,0.1152529099084546,0
1745864820,cpu,99.69939879760716,0.1002004008019764,0.2004008016028137,0.0847075650923294,0
1745864830,cpu,99.7000000000112,0.1000000000000545,0.1000000000000545,0.08288986818944627,0
1745864830,mem,460173312,883380224,254992384,0.10474893382484723,0
1745864840,mem,460177408,883380224,254988288,0.10474893382484723,0
1745864840,cpu,99.59919839671235,0.1002004008014068,0.2004008016028137,0.0847075650923294,0
1745864850,cpu,99.4979919678426,0.2008032128510939,0.3012048192777823,0.0847075650923294,0
1745864850,mem,460201984,883380224,254963712,0.10339507152551436,0
1745864860,mem,468459520,883380224,246706176,0.05737775395226441,0
1745864860,cpu,99.7995991985017,0.1002004008015529,0.1002004008015529,0.08288986818944627,0
1745864870,cpu,99.4994994994699,0.2002002002007737,0.1001001001001023,0.08288986818944627,0
1745864870,mem,468213760,883380224,246951936,0.07088218498455312,0
1745864880,cpu,99.79979979975911,0.1001001000999565,0.1001001000999565,0.08288986818944627,0
1745864880,mem,468213760,883380224,246951936,0.07088218498455312,0
1745864890,cpu,99.79979979975911,0.1001001000999565,0.1001001000999565,0.08288986818944627,0
1745864890,mem,468213760,883380224,246951936,0.07088218498455312,0
1745864900,mem,468226048,883380224,246939648,0.07055025380732366,0
1745864900,cpu,99.69969969971152,0,0.1001001000999565,0.08288986818944627,0
1745864910,mem,467996672,883380224,247169024,0.08783913798897142,0
1745864910,cpu,99.79979979990448,0.1001001001001023,0,0.08288986818944627,0
1745864920,cpu,99.79899497483336,0,0.2010050251255041,0.0847075650923294,0
1745864920,mem,467996672,883380224,247169024,0.08783913798897142,0
1745864930,cpu,99.49949949947064,0.2002002002004821,0.1001001000999565,0.08288986818944627,0
1745864930,mem,468004864,883380224,247160832,0.0859522011565183,0
1745864940,mem,468004864,883380224,247160832,0.0859522011565183,0
1745864940,cpu,99.89979959925084,0,0.1002004008015529,0.08288986818944627,0
1745864950,cpu,99.79979979975911,0.1001001000999565,0.1001001000999565,0.08288986818944627,0
1745864950,mem,468004864,883380224,247160832,0.0859522011565183,0
1745864960,cpu,98.9979959919267,0.3006012024042206,0.5010020040081735,0.0847075650923294,0
1745864960,mem,465530880,883380224,249638912,0.11197243903467968,0
1745864970,cpu,99.6990972918869,0.1003009027081678,0.2006018054163356,0.0847075650923294,0
1745864970,mem,465530880,883380224,249638912,0.11197243903467968,0
1745864980,cpu,98.79759519042692,0.4008016032067815,0.7014028056120101,0.0847075650923294,0
1745864980,mem,465534976,883380224,249634816,0.11311072121486665,0
1745864990,cpu,99.097291875662,0.3009027081240643,0.4012036108320858,0.0847075650923294,0
1745864990,mem,470286336,883380224,244883456,-0.000284881,1
1745865000,cpu,99.29859719431953,0.3006012024047902,0.4008016032056275,0.0847075650923294,0
1745865000,mem,467562496,883380224,247607296,0.10561925535633543,0
1745865010,mem,467214336,883380224,247955456,0.1169061145539741,0
1745865010,cpu,99.0981963928202,0.3006012024046589,0.6012024048104571,0.0847075650923294,0
1745865020,mem,466964480,883380224,248205312,0.12002601575954275,0
1745865020,cpu,98.9979959919267,0.3006012024047902,0.5010020040070344,0.0847075650923294,0
1745865030,mem,462770176,883380224,252399616,0.0767395967839653,0
1745865030,cpu,99.19759277846237,0.2006018054163356,0.6018054162501473,0.0847075650923294,0
1745865040,mem,462774272,883380224,252391424,0.0767395967839653,0
1745865040,cpu,99.09365558901318,0.302114803625445,0.6042296072497453,0.0847075650923294,0
1745865050,mem,462819328,883380224,252313600,0.07634358439977468,0
1745865050,cpu,99.19759277831758,0.3009027081240643,0.4012036108320858,0.0847075650923294,0
1745865060,mem,462884864,883380224,252284928,0.07688103456876377,0
1745865060,cpu,99.29718875509548,0.3012048192776516,0.401606425703916,0.0847075650923294,0
1745865070,mem,462884864,883380224,252284928,0.07688103456876377,0
1745865070,cpu,99.59959959951824,0.1001001000999565,0.3003003002998697,0.0847075650923294,0
1745865080,mem,461426688,883380224,253743104,0.0782563201378067,0
1745865080,cpu,98.69739478967776,0.5010020040083345,0.6012024048093179,0.0847075650923294,0
1745865090,mem,461496320,883380224,253673472,0.07650770880873176,0
1745865090,cpu,99.19839679356934,0.2004008016031059,0.6012024048104571,0.0847075650923294,0
1745865100,mem,461570048,883380224,253599744,0.07576321409217479,0
1745865100,cpu,99.0954773869695,0.3015075376882561,0.5025125628137603,0.0847075650923294,0
1745865110,mem,461389824,883380224,253779968,0.07780144677447687,0
1745865110,cpu,98.89669007020493,0.3009027081246344,0.5015045135412475,0.0847075650923294,0
1745865120,cpu,99.19839679356934,0.3006012024046589,0.501002004007765,0.0847075650923294,0
1745865120,mem,467992576,883380224,247177216,0.0904637523294039,0
1745865130,cpu,99.19839679357052,0.2004008016033833,0.6012024048095804,0.0847075650923294,0
1745865130,mem,467992576,883380224,247177216,0.0904637523294039,0
1745865140,cpu,98.89889889889363,0.4004004003998263,0.5005005004997828,0.0847075650923294,0
1745865140,mem,467226624,883380224,247939072,0.1158770430905669,0
1745865150,cpu,99.39879759521348,0.2004008016036755,0.4008016032062119,0.0847075650923294,0
1745865150,mem,467230720,883380224,247939072,0.1158770430905669,0
1745865160,cpu,98.99598393568516,0.4016064257021878,0.6024096385544232,0.0847075650923294,0
1745865160,mem,467230720,883380224,247939072,0.1158770430905669,0
1745865170,cpu,98.69739478967588,0.4008016032073659,0.6012024048101945,0.0847075650923294,0
1745865170,mem,465698816,883380224,249470976,0.12190700042635538,0
1745865180,cpu,99.29859719431953,0.3006012024042206,0.4008016032067666,0.0847075650923294,0
1745865180,mem,467574784,883380224,247595008,0.10527477030085808,0
1745865190,cpu,99.29789368111808,0.3009027081250736,0.4012036108326713,0.0847075650923294,0
1745865190,mem,467574784,883380224,247595008,0.10527477030085808,0
1745865200,mem,467582976,883380224,247586816,0.10496611654989968,0
1745865200,cpu,98.79759519028288,0.3006012024042206,0.5010020040070344,0.0847075650923294,0
1745865210,mem,467595264,883380224,247574528,0.10558321529154274,0
1745865210,cpu,99.2992992993744,0.2002002002007737,0.4004004004015475,0.0847075650923294,0
1745865220,mem,467763200,883380224,247406592,0.0976897932737355,0
1745865220,cpu,98.89447236180447,0.4020100502504203,0.6030150753756305,0.0847075650923294,0
1745865230,mem,467333120,883380224,247836672,0.11368357671036888,0
1745865230,cpu,98.89779559117608,0.4008016032067815,0.6012024048104571,0.0847075650923294,0
1745865240,mem,467992576,883380224,247177216,0.0904637523294039,0
1745865240,cpu,99.19839679356934,0.3006012024046589,0.4008016032062119,0.0847075650923294,0
1745865250,mem,467992576,883380224,247177216,0.0904637523294039,0
1745865250,cpu,99.29789368097416,0.2006018054163202,0.5015045135393752,0.0847075650923294,0
1745865260,mem,467849216,883380224,247320576,0.09209335998381513,0
1745865260,cpu,98.99699097300498,0.2006018054163356,0.4012036108338116,0.0847075650923294,0
1745865270,cpu,99.09909909913452,0.3003003003004387,0.5005005004997828,0.0847075650923294,0
1745865270,mem,467881984,883380224,247287808,0.09100062698875322,0
1745865280,mem,467886080,883380224,247283712,0.09100062698875322,0
1745865280,cpu,98.8966900702033,0.2006018054163356,0.8024072216664829,0.0847075650923294,0
1745865290,cpu,98.79638916740517,0.5015045135399454,0.6018054162472503,0.0847075650923294,0
1745865290,mem,466919424,883380224,248250368,0.11894043958476352,0
1745865300,cpu,99.39879759521348,0.2004008016031059,0.3006012024046589,0.0847075650923294,0
1745865300,mem,466923520,883380224,248246272,0.11894043958476352,0
1745865310,mem,466673664,883380224,248496128,0.12396887018807873,0
1745865310,cpu,99.0981963928202,0.4008016032067815,0.501002004008904,0.0847075650923294,0
1745865320,mem,465678336,883380224,249491456,0.12231465414655496,0
1745865320,cpu,99.09638554220432,0.4016064257021878,0.4016064257021878,0.0847075650923294,0
1745865330,mem,466575360,883380224,248594432,0.12492381464876706,0
1745865330,cpu,99.19999999998254,0.3000000000002956,0.4999999999995452,0.0847075650923294,0
1745865340,mem,466644992,883380224,248524800,0.12415195958930525,0
1745865340,cpu,99.49849548643024,0.2006018054160429,0.3009027081252046,0.0847075650923294,0
1745865350,cpu,98.89669007020493,0.3009027081246344,0.5015045135401072,0.0847075650923294,0
1745865350,mem,466407424,883380224,248762368,0.12937981427924689,0
1745865360,mem,465666048,883380224,249503744,0.12237624958493776,0
1745865360,cpu,99.0972918756607,0.4012036108326713,0.5015045135419794,0.0847075650923294,0
1745865370,mem,466178048,883380224,248991744,0.12569838760934743,0
1745865370,cpu,98.69739478953386,0.4008016032061971,0.901803607212662,0.0847075650923294,0
1745865380,mem,466186240,883380224,248983552,0.12569838760934743,0
1745865380,cpu,98.89558232931212,0.2008032128510939,0.4016064257033293,0.0847075650923294,0
1745865390,mem,466190336,883380224,248979456,0.12569838760934743,0
1745865390,cpu,98.99899899894126,0.4004004004003952,0.6006006005997394,0.0847075650923294,0
1745865400,mem,467582976,883380224,247586816,0.10496611654989968,0
1745865400,cpu,98.89889889903613,0.3003003003007445,0.7007007007028754,0.0847075650923294,0
1745865410,mem,467349504,883380224,247820288,0.11368357671036888,0
1745865410,cpu,98.99295065452422,0.4028197381670693,0.5035246727081211,0.0847075650923294,0
1745865420,mem,467480576,883380224,247689216,0.1058286563064223,0
1745865420,cpu,99.39939939942302,0.2002002001999131,0.4004004003998263,0.0847075650923294,0
1745865430,mem,467488768,883380224,247681024,0.10552037743395987,0
1745865430,cpu,99.0981963928202,0.3006012024052285,0.4008016032073511,0.0847075650923294,0
1745865440,mem,466980864,883380224,248188928,0.12003308120179862,0
1745865440,cpu,98.99799599192524,0.3006012024046589,0.6012024048093179,0.0847075650923294,0
1745865450,mem,466984960,883380224,248184832,0.11874850872029463,0
1745865450,cpu,99.39879759521436,0.2004008016033833,0.4008016032056275,0.0847075650923294,0
1745865460,mem,466984960,883380224,248184832,0.11874850872029463,0
1745865460,cpu,99.19839679356934,0.3006012024046589,0.501002004008904,0.0847075650923294,0
1745865470,mem,466993152,883380224,248176640,0.11934697011869011,0
1745865470,cpu,98.89447236180288,0.4020100502515795,0.5025125628137603,0.0847075650923294,0
1745865480,mem,466993152,883380224,248176640,0.11934697011869011,0
1745865480,cpu,99.39819458377468,0.3009027081240643,0.3009027081240643,0.0847075650923294,0
1745865490,mem,466997248,883380224,248172544,0.11934697011869011,0
1745865490,cpu,99.49949949947064,0.1001001000999565,0.4004004004009642,0.0847075650923294,0
1745865500,mem,465715200,883380224,249454592,0.12190700042635538,0
1745865500,cpu,98.89779559117608,0.3006012024052285,0.501002004007765,0.0847075650923294,0
1745865510,mem,465719296,883380224,249450496,0.12154790060161191,0
1745865510,cpu,99.29789368097416,0.3009027081236251,0.4012036108326404,0.0847075650923294,0
1745865520,mem,465723392,883380224,249446400,0.12180122860018289,0
1745865520,cpu,99.0981963928202,0.3006012024052285,0.6012024048093179,0.0847075650923294,0
1745865530,mem,465731584,883380224,249438208,0.12275055733571716,0
1745865530,cpu,99.0954773869695,0.4020100502510082,0.3015075376882561,0.0847075650923294,0
1745865540,cpu,99.19839679356934,0.3006012024052285,0.501002004008904,0.0847075650923294,0
1745865540,mem,465735680,883380224,249434112,0.12256911221548944,0
1745865550,mem,465739776,883380224,249430016,0.12316240717413535,0
1745865550,cpu,99.19839679356934,0.3006012024046589,0.501002004007765,0.0847075650923294,0
1745865560,mem,465760256,883380224,249409536,0.12218319177885872,0
1745865560,cpu,98.0961923847482,0.2004008016033833,0.2004008016028137,0.0847075650923294,0
1745865570,mem,465760256,883380224,249409536,0.12218319177885872,0
1745865570,cpu,99.19919919932664,0.3003003003003071,0.5005005005016498,0.0847075650923294,0
1745865580,mem,465760256,883380224,249409536,0.12218319177885872,0
1745865580,cpu,99.39819458362872,0.2006018054160429,0.4012036108320858,0.0847075650923294,0
1745865590,cpu,98.6960882648938,0.3009027081246344,0.6018054162481287,0.0847075650923294,0
1745865590,mem,465772544,883380224,249397248,0.12128391325182575,0
1745865600,mem,465776640,883380224,249393152,0.12128391325182575,0
1745865600,cpu,99.29789368097316,0.3009027081240643,0.401203610833226,0.0847075650923294,0
1745865610,cpu,98.69739478953386,0.501002004007604,0.801603206411255,0.0847075650923294,0
1745865610,mem,463904768,883380224,251265024,0.0864284672838464,0
1745865620,cpu,98.99699097300498,0.3009027081250736,0.6018054162501473,0.0847075650923294,0
1745865620,mem,463663104,883380224,251506688,0.08130827255887096,0
1745865630,cpu,98.89779559117608,0.3006012024046589,0.501002004007765,0.0847075650923294,0
1745865630,mem,459468800,883380224,255700992,0.10078873567293406,0
1745865640,cpu,99.29859719431953,0.2004008016033833,0.5010020040081735,0.0847075650923294,0
1745865640,mem,459472896,883380224,255696896,0.10078873567293406,0
1745865650,cpu,98.99295065466929,0.3021148036253154,0.5035246727088589,0.0847075650923294,0
1745865650,mem,466755584,883380224,248414208,0.12197787361015949,0
1745865660,cpu,99.0990990991332,0.4004004004009785,0.5005005005005119,0.0847075650923294,0
1745865660,mem,466755584,883380224,248414208,0.12197787361015949,0
1745865670,cpu,99.39879759506852,0.2004008016028137,0.4008016032067666,0.0847075650923294,0
1745865670,mem,466755584,883380224,248414208,0.12197787361015949,0
1745865680,cpu,99.2985971944643,0.2004008016031059,0.3006012024046589,0.0847075650923294,0
1745865680,mem,466763776,883380224,248406016,0.12111752115398844,0
1745865690,cpu,99.19839679356934,0.3006012024052285,0.501002004007765,0.0847075650923294,0
1745865690,mem,466903040,883380224,248266752,0.11960598672651701,0
1745865700,cpu,99.19839679357052,0.2004008016028137,0.6012024048095804,0.0847075650923294,0
1745865700,mem,466903040,883380224,248266752,0.11960598672651701,0
1745865710,mem,466911232,883380224,248258560,0.11960598672651701,0
1745865710,cpu,98.68951612898508,0.3024193548390609,0.4032258064513171,0.0847075650923294,0
1745865720,mem,465625088,883380224,249540608,0.12076020133606219,0
1745865720,cpu,98.99799599207104,0.501002004007765,0.501002004008904,0.0847075650923294,0
1745865730,mem,465629184,883380224,249540608,0.12076020133606219,0
1745865730,cpu,99.19839679356934,0.2004008016036755,0.6012024048093179,0.0847075650923294,0
1745865740,cpu,99.19839679357052,0.3006012024042206,0.4008016032056275,0.0847075650923294,0
1745865740,mem,465637376,883380224,249532416,0.12076020133606219,0
1745865750,mem,465641472,883380224,249528320,0.12076020133606219,0
1745865750,cpu,99.19839679356934,0.3006012024052285,0.4008016032073511,0.0847075650923294,0
1745865760,mem,465645568,883380224,249524224,0.12132534828228181,0
1745865760,cpu,99.097291875662,0.3009027081240643,0.6018054162481287,0.0847075650923294,0
1745865770,mem,465645568,883380224,249524224,0.12132534828228181,0
1745865770,cpu,99.29929929922974,0.2002002001999131,0.2002002001999131,0.0847075650923294,0
1745865780,mem,467595264,883380224,247574528,0.10558321529154274,0
1745865780,cpu,98.99699097300498,0.4012036108332414,0.6018054162501473,0.0847075650923294,0
1745865790,cpu,99.19759277831758,0.3009027081246344,0.5015045135401072,0.0847075650923294,0
1745865790,mem,465801216,883380224,249368576,0.11997510380438903,0
1745865800,mem,465809408,883380224,249360384,0.11907130341332106,0
1745865800,cpu,99.10000000003492,0.1999999999998181,0.400000000000773,0.0847075650923294,0
1745865810,cpu,99.19839679357052,0.3006012024042206,0.5010020040070344,0.0847075650923294,0
1745865810,mem,465809408,883380224,249360384,0.11907130341332106,0
1745865820,mem,465809408,883380224,249360384,0.11907130341332106,0
1745865820,cpu,99.0981963928202,0.2004008016036755,0.7014028056120101,0.0847075650923294,0
1745865830,mem,463773696,883380224,251396096,0.08649259847659696,0
1745865830,cpu,98.5957873620902,0.5015045135408391,0.7021063189571748,0.0847075650923294,0
1745865840,mem,463773696,883380224,251396096,0.08649259847659696,0
1745865840,cpu,99.2971887549504,0.3012048192772116,0.4016064257021878,0.0847075650923294,0
1745865850,mem,467570688,883380224,247599104,0.10465725389737518,0
1745865850,cpu,99.19839679357052,0.3006012024042206,0.5010020040081735,0.0847075650923294,0
1745865860,cpu,98.29659318638954,0.2004008016036755,0.501002004007765,0.0847075650923294,0
1745865860,mem,467595264,883380224,247574528,0.10558321529154274,0
1745865870,mem,467595264,883380224,247574528,0.10558321529154274,0
1745865870,cpu,99.39879759521348,0.2004008016031059,0.4008016032073511,0.0847075650923294,0
1745865880,mem,467619840,883380224,247549952,0.1035367477087597,0
1745865880,cpu,98.9979959919267,0.3006012024047902,0.6012024048084413,0.0847075650923294,0
1745865890,cpu,98.99799599207104,0.4008016032062119,0.501002004007765,0.0847075650923294,0
1745865890,mem,467415040,883380224,247754752,0.1097642542440232,0
1745865900,cpu,99.39759036146869,0.200803212851958,0.401606425703916,0.0847075650923294,0
1745865900,mem,467419136,883380224,247750656,0.11013297625937196,0
1745865910,mem,466292736,883380224,248877056,0.1313155430333771,0
1745865910,cpu,98.89889889889363,0.4004004003998263,0.7007007006996959,0.0847075650923294,0
1745865920,mem,466305024,883380224,248864768,0.13065717624776424,0
1745865920,cpu,98.99799599192524,0.3006012024052285,0.501002004008904,0.0847075650923294,0
1745865930,mem,464707584,883380224,250462208,0.09370572289022205,0
1745865930,cpu,99.19759277831758,0.3009027081240643,0.5015045135401072,0.0847075650923294,0
1745865940,mem,464584704,883380224,250585088,0.09482213420979085,0
1745865940,cpu,98.99899899894126,0.4004004004003952,0.5005005004997828,0.0847075650923294,0
1745865950,mem,464351232,883380224,250818560,0.09900064326510022,0
1745865950,cpu,98.99799599207104,0.3006012024046589,0.6012024048104571,0.0847075650923294,0
1745865960,mem,464351232,883380224,250814464,0.09740737440031083,0
1745865960,cpu,99.2971887549504,0.2008032128516646,0.4016064257021878,0.0847075650923294,0
1745865970,mem,464355328,883380224,250814464,0.09847884976355303,0
1745865970,cpu,99.19919919918216,0.3003003002998697,0.5005005005009209,0.0847075650923294,0
1745865980,mem,464363520,883380224,250806272,0.09816559642992878,0
1745865980,cpu,99.19759277846237,0.3009027081250736,0.4012036108326713,0.0847075650923294,0
1745865990,mem,464363520,883380224,250806272,0.09816559642992878,0
1745865990,cpu,99.49849548643024,0.2006018054160429,0.3009027081240643,0.0847075650923294,0
1745866000,mem,464363520,883380224,250806272,0.09816559642992878,0
1745866000,cpu,98.99899899894126,0.3003003002998697,0.700700700700834,0.0847075650923294,0
1745866010,cpu,98.69608826489188,0.4012036108332414,0.7021063189571748,0.0847075650923294,0
1745866010,mem,464117760,883380224,251052032,0.09098957670143915,0
1745866020,cpu,99.39759036132432,0.3012048192762008,0.3012048192773422,0.0847075650923294,0
1745866020,mem,464117760,883380224,251052032,0.09098957670143915,0
1745866030,cpu,99.0990990991332,0.3003003003008761,0.6006006006006143,0.0847075650923294,0
1745866030,mem,464125952,883380224,251043840,0.0913537961273761,0
1745866040,cpu,98.59859859860516,0.4004004004003952,0.700700700700834,0.0847075650923294,0
1745866040,mem,463876096,883380224,251293696,0.0864284672838464,0
1745866050,cpu,99.29789368111808,0.2006018054163356,0.5015045135408391,0.0847075650923294,0
1745866050,mem,468017152,883380224,247152640,0.08383303353030647,0
1745866060,cpu,99.09909909898887,0.3003003002998697,0.6006006006008774,0.0847075650923294,0
1745866060,mem,467599360,883380224,247570432,0.10483803040484446,0
1745866070,cpu,99.39879759521436,0.2004008016033833,0.2004008016028137,0.0847075650923294,0
1745866070,mem,468115456,883380224,247054336,0.07565657857901315,0
1745866080,mem,468115456,883380224,247054336,0.07565657857901315,0
1745866080,cpu,99.89959839362682,0,0.1004016064256936,0.08288986818944627,0
1745866090,mem,466341888,883380224,248827904,0.1299514490129967,0
1745866090,cpu,99.59879638908582,0.1003009027080214,0.3009027081240643,0.0847075650923294,0
1745866100,mem,466345984,883380224,248823808,0.1299514490129967,0
1745866100,cpu,99.49949949961557,0.1001001001001023,0.2002002002002047,0.0847075650923294,0
1745866110,mem,466345984,883380224,248823808,0.1299514490129967,0
1745866110,cpu,100,0,0,0.08288986818944627,0
1745866120,cpu,99.69969969971152,0.1001001000999565,0.2002002001999131,0.0847075650923294,0
1745866120,mem,466345984,883380224,248823808,0.1299514490129967,0
1745866130,cpu,99.59919839671235,0.1002004008014068,0.1002004008014068,0.08288986818944627,0
1745866130,mem,466350080,883380224,248819712,0.1299514490129967,0
1745866140,cpu,99.89959839362682,0.1004016064256936,0,0.08288986818944627,0
1745866140,mem,466350080,883380224,248819712,0.1299514490129967,0
1745866150,cpu,99.69939879760672,0.1002004008021225,0.2004008016042451,0.0847075650923294,0
1745866150,mem,466354176,883380224,248815616,0.1299514490129967,0
1745866160,cpu,99.09909909899018,0.1001001000998107,0.1001001000998107,0.08288986818944627,0
1745866160,mem,466370560,883380224,248799232,0.12962125526280377,0
1745866170,cpu,99.7995991985014,0.100200400801699,0.100200400801699,0.08288986818944627,0
1745866170,mem,466370560,883380224,248799232,0.12962125526280377,0
1745866180,cpu,99.89989989980673,0,0.1001001000999565,0.08288986818944627,0
1745866180,mem,466370560,883380224,248799232,0.12962125526280377,0
1745866190,cpu,99.40000000002328,0.1999999999998181,0.1999999999998181,0.0847075650923294,0
1745866190,mem,466378752,883380224,248791040,0.12985269554278783,0
1745866200,mem,466378752,883380224,248791040,0.12985269554278783,0
1745866200,cpu,99.8998998999524,0.1001001000999565,0,0.08288986818944627,0
1745866210,cpu,99.89949748734357,0,0.100502512562752,0.08288986818944627,0
1745866210,mem,466378752,883380224,248791040,0.12985269554278783,0
1745866220,mem,466386944,883380224,248782848,0.1309655920965357,0
1745866220,cpu,99.60000000006404,0.1000000000004774,0.099999999999909,0.08288986818944627,0
1745866230,cpu,99.69939879760672,0.1002004008015529,0.1002004008015529,0.08288986818944627,0
1745866230,mem,466403328,883380224,248766464,0.13045809558690658,0
1745866240,cpu,99.69969969971152,0.1001001000999565,0.2002002001999131,0.0847075650923294,0
1745866240,mem,462209024,883380224,252960768,0.0705544096033594,0
1745866250,cpu,99.49849548643024,0.2006018054160429,0.3009027081252046,0.0847075650923294,0
1745866250,mem,460144640,883380224,255025152,0.1071191288038153,0
1745866260,cpu,99.39879759521348,0.2004008016036755,0.3006012024046589,0.0847075650923294,0
1745866260,mem,467238912,883380224,247930880,0.11527388310360459,0
1745866270,cpu,100,0,0,0.08288986818944627,0
1745866270,mem,467234816,883380224,247934976,0.1158770430905669,0
1745866280,mem,467234816,883380224,247934976,0.1158770430905669,0
1745866280,cpu,99.79979979975911,0.1001001000999565,0.1001001000999565,0.08288986818944627,0
1745866290,mem,470319104,883380224,244850688,9.496026262822976e-05,0
1745866290,cpu,99.40059940062234,0.0999000999000613,0.0999000999000613,0.08288986818944627,0
1745866300,mem,470319104,883380224,244850688,9.496026262822976e-05,0
1745866300,cpu,100,0,0,0.08288986818944627,0
1745866310,mem,470073344,883380224,245096448,0.006285828325954035,0
1745866310,cpu,99.60000000006404,0.1999999999998181,0.1999999999998181,0.0847075650923294,0
1745866320,mem,469819392,883380224,245350400,0.014449661342204378,0
1745866320,cpu,99.89969909719848,0,0,0.08288986818944627,0
1745866330,mem,469819392,883380224,245350400,0.014449661342204378,0
1745866330,cpu,99.8994974874898,0,0.100502512562752,0.08288986818944627,0
1745866340,mem,468045824,883380224,247123968,0.08220734463019569,0
1745866340,cpu,99.69969969971152,0.1001001000999565,0.2002002001999131,0.0847075650923294,0
1745866350,mem,466759680,883380224,248410112,0.12222008809982726,0
1745866350,cpu,99.49949949947064,0.1001001001005255,0.2002002002010511,0.0847075650923294,0
1745866360,cpu,99.4994994994699,0.2002002002002047,0.3003003003003071,0.0847075650923294,0
1745866360,mem,464441344,883380224,250728448,0.09607104792664012,0
1745866370,cpu,99.2978936811191,0.2006018054160429,0.5015045135401072,0.0847075650923294,0
1745866370,mem,463409152,883380224,251760640,0.07821509699096713,0
1745866380,cpu,99.69969969971108,0.1001001001001023,0.1001001001001023,0.08288986818944627,0
1745866380,mem,463417344,883380224,251752448,0.07821509699096713,0
1745866390,mem,464867328,883380224,250302464,0.09084495196688408,0
1745866390,cpu,99.29789368097416,0.2006018054163202,0.4012036108326404,0.0847075650923294,0
1745866400,mem,464867328,883380224,250302464,0.09084495196688408,0
1745866400,cpu,99.60000000006345,0.1000000000000545,0.2000000000001091,0.0847075650923294,0
1745866410,mem,464875520,883380224,250294272,0.09116315667316516,0
1745866410,cpu,99.69909729174182,0.100300902707875,0.100300902707875,0.08288986818944627,0
1745866420,mem,464875520,883380224,250294272,0.09116315667316516,0
1745866420,cpu,99.69939879760672,0.1002004008015529,0.2004008016031059,0.0847075650923294,0
1745866430,cpu,99.59919839685756,0.2004008016031059,0.2004008016031059,0.0847075650923294,0
1745866430,mem,464629760,883380224,250540032,0.09293353860836018,0
1745866440,cpu,99.69939879760672,0,0.1002004008015529,0.08288986818944627,0
1745866440,mem,464637952,883380224,250531840,0.09234638251020777,0
1745866450,cpu,99.7993981945432,0.1003009027084451,0.100300902707875,0.08288986818944627,0
1745866450,mem,464637952,883380224,250531840,0.09234638251020777,0
1745866460,cpu,99.79979979975911,0,0.2002002001999131,0.0847075650923294,0
1745866460,mem,469049344,883380224,246120448,0.02589595090351593,0
1745866470,cpu,99.39879759521348,0.1002004008015529,0.1002004008026921,0.08288986818944627,0
1745866470,mem,466505728,883380224,248664064,0.12905521789643193,0
1745866480,cpu,99.39879759521348,0.1002004008015529,0.4008016032062119,0.0847075650923294,0
1745866480,mem,464445440,883380224,250724352,0.09628355364758667,0
1745866490,cpu,99.79959919835588,0.1002004008015529,0.1002004008015529,0.08288986818944627,0
1745866490,mem,464199680,883380224,250970112,0.09643176951161114,0
1745866500,cpu,99.70000000001164,0,0.099999999999909,0.08288986818944627,0
1745866500,mem,464207872,883380224,250961920,0.0969682534454453,0
1745866510,mem,464207872,883380224,250961920,0.0969682534454453,0
1745866510,cpu,99.79919678725362,0.1004016064256936,0.1004016064256936,0.08288986818944627,0
1745866520,cpu,99.39879759506852,0.2004008016033833,0.4008016032056275,0.0847075650923294,0
1745866520,mem,464216064,883380224,250953728,0.0969682534454453,0
1745866530,cpu,98.59859859860516,0.2002002001999131,0.3003003003010077,0.0847075650923294,0
1745866530,mem,464232448,883380224,250937344,0.09874944067766411,0
1745866540,mem,464232448,883380224,250937344,0.09874944067766411,0
1745866540,cpu,99.89979959925084,0,0.1002004008015529,0.08288986818944627,0
1745866550,cpu,99.30069930077453,0.2997002997001839,0.2997002997001839,0.0847075650923294,0
1745866550,mem,468238336,883380224,246931456,0.06953346491000095,0
1745866560,mem,467988480,883380224,247181312,0.09039767865252885,0
1745866560,cpu,99.7993981945429,0.1003009027085915,0,0.08288986818944627,0
1745866570,mem,466186240,883380224,248983552,0.12569838760934743,0
1745866570,cpu,99.4979919678426,0.2008032128510939,0.3012048192766408,0.0847075650923294,0
1745866580,mem,465928192,883380224,249241600,0.12300673789664213,0
1745866580,cpu,99.79959919835588,0.1002004008015529,0.1002004008015529,0.08288986818944627,0
1745866590,mem,465936384,883380224,249229312,0.12394935313950711,0
1745866590,cpu,99.19919919918216,0.2002002001999131,0.4004004004009642,0.0847075650923294,0
1745866600,cpu,99.79939819468856,0,0.2006018054163356,0.0847075650923294,0
1745866600,mem,466067456,883380224,249098240,0.12741554907457397,0
1745866610,cpu,99.49949949947064,0.2002002002004821,0.3003003002998697,0.0847075650923294,0
1745866610,mem,466071552,883380224,249098240,0.12770901898387405,0
1745866620,mem,466079744,883380224,249090048,0.1274590961457508,0
1745866620,cpu,99.4999999999709,0.099999999999909,0.099999999999909,0.08288986818944627,0
1745866630,mem,466079744,883380224,249090048,0.1274590961457508,0
1745866630,cpu,100,0,0,0.08288986818944627,0
1745866640,cpu,99.49647532726212,0.2014098690832484,0.3021148036248726,0.0847075650923294,0
1745866640,mem,466079744,883380224,249090048,0.1274590961457508,0
1745866650,cpu,99.59959959966332,0.1001001001001023,0.2002002002013427,0.0847075650923294,0
1745866650,mem,466092032,883380224,249077760,0.1293772913491904,0
1745866660,cpu,99.69969969971108,0.1001001001001023,0.2002002002002047,0.0847075650923294,0
1745866660,mem,466096128,883380224,249073664,0.1293772913491904,0
1745866670,mem,466096128,883380224,249073664,0.1293772913491904,0
1745866670,cpu,99.59959959951884,0.2002002002001905,0.1001001000998107,0.08288986818944627,0
1745866680,mem,466100224,883380224,249069568,0.12837478187246637,0
1745866680,cpu,99.599198396857,0.100200400801699,0.100200400801699,0.08288986818944627,0
1745866690,mem,466100224,883380224,249069568,0.12837478187246637,0
1745866690,cpu,99.40059940062322,0.1998001997998321,0.2997002996997482,0.0847075650923294,0
1745866700,mem,466104320,883380224,249065472,0.12833132671106517,0
1745866700,cpu,99.89939637817596,0.1006036217302672,0,0.08288986818944627,0
1745866710,cpu,99.59919839685756,0.1002004008021225,0.2004008016031059,0.0847075650923294,0
1745866710,mem,466104320,883380224,249065472,0.12833132671106517,0
1745866720,mem,466104320,883380224,249065472,0.12833132671106517,0
1745866720,cpu,99.40000000002328,0.1999999999998181,0.400000000000773,0.0847075650923294,0
1745866730,mem,466104320,883380224,249065472,0.12833132671106517,0
1745866730,cpu,99.69969969971108,0.1001001001001023,0.2002002002002047,0.0847075650923294,0
1745866740,mem,466108416,883380224,249061376,0.12753769101040258,0
1745866740,cpu,99.79959919835618,0,0,0.08288986818944627,0
1745866750,mem,451002368,883380224,264167424,0.049729303099299904,0
1745866750,cpu,97.59519038071156,0.4008016032061971,0.801603206411255,0.0847075650923294,0
1745866760,mem,416788480,883380224,298676224,-0.101362172,1
1745866760,cpu,87.2617853561562,1.2036108324991543,11.534603811450705,0.0583661369580446,0
1745866770,mem,416796672,883380224,298668032,-0.101362172,1
1745866770,cpu,99.69939879760672,0,0,0.08288986818944627,0
1745866780,mem,416313344,883380224,299151360,-0.104958753,1
1745866780,cpu,99.59959959951824,0.2002002001999131,0.2002002001999131,0.0847075650923294,0
1745866790,mem,416956416,883380224,298504192,-0.102708609,1
1745866790,cpu,99.49849548643024,0.2006018054160429,0.3009027081240643,0.0847075650923294,0
1745866800,mem,425222144,883380224,290242560,-0.015305813,1
1745866800,cpu,99.69939879760716,0.1002004008014068,0.1002004008014068,0.08288986818944627,0
1745866810,mem,425222144,883380224,290242560,-0.015305813,1
1745866810,cpu,99.7000000000112,0.100000000000623,0.1000000000000545,0.08288986818944627,0
1745866820,cpu,99.8994974874898,0,0.100502512562752,0.08288986818944627,0
1745866820,mem,425222144,883380224,290242560,-0.015305813,1
1745866830,cpu,98.89889889889363,0.3003003002998697,0.2002002001999131,0.0847075650923294,0
1745866830,mem,432570368,883380224,282886144,-0.000426328,1
1745866840,cpu,99.69969969971152,0.1001001000999565,0.2002002002010511,0.0847075650923294,0
1745866840,mem,432578560,883380224,282886144,-0.000426328,1
1745866850,cpu,99.4994994994699,0.2002002002007737,0.3003003003003071,0.0847075650923294,0
1745866850,mem,428142592,883380224,287322112,0.04571569166859635,0
1745866860,cpu,99.69939879760716,0,0.1002004008014068,0.08288986818944627,0
1745866860,mem,428142592,883380224,287318016,0.04571569166859635,0
1745866870,mem,428146688,883380224,287318016,0.04571569166859635,0
1745866870,cpu,99.79979979975884,0.1001001001001023,0.1001001001001023,0.08288986818944627,0
1745866880,mem,428146688,883380224,287318016,0.04571569166859635,0
1745866880,cpu,99.7993981945432,0,0.100300902707875,0.08288986818944627,0
1745866890,cpu,99.79979979990448,0.1001001001001023,0.1001001001001023,0.08288986818944627,0
1745866890,mem,428150784,883380224,287313920,0.04571569166859635,0
1745866900,cpu,99.4994994994699,0.1001001001001023,0.2002002002002047,0.0847075650923294,0
1745866900,mem,428154880,883380224,287309824,0.0453667274248708,0
1745866910,mem,435425280,883380224,280039424,0.02684005240266618,0
1745866910,cpu,99.0981963928202,0.4008016032067815,0.501002004008904,0.0847075650923294,0
1745866920,mem,435429376,883380224,280035328,0.02684005240266618,0
1745866920,cpu,99.79979979975911,0.1001001000999565,0.1001001000999565,0.08288986818944627,0
1745866930,mem,435437568,883380224,280027136,0.028284565661338634,0
1745866930,cpu,99.7993981945432,0,0.100300902707875,0.08288986818944627,0
1745866940,mem,435437568,883380224,280027136,0.028284565661338634,0
1745866940,cpu,99.89949748748964,0.100502512562899,0,0.08288986818944627,0
1745866950,cpu,99.79979979975911,0.1001001000999565,0.1001001000999565,0.08288986818944627,0
1745866950,mem,435568640,883380224,279896064,0.02684005240266618,0
1745866960,cpu,99.49949949947064,0,0.3003003002998697,0.0847075650923294,0
1745866960,mem,435576832,883380224,279887872,0.02425410186553345,0
1745866970,cpu,99.40000000002328,0.3000000000002956,0.2999999999997271,0.0847075650923294,0
1745866970,mem,443588608,883380224,271876096,0.016742978706071887,0
1745866980,cpu,100,0,0,0.08288986818944627,0
1745866980,mem,443330560,883380224,272134144,0.017106485329763443,0
1745866990,cpu,99.59959959966332,0.1001001001001023,0.1001001001001023,0.08288986818944627,0
1745866990,mem,443334656,883380224,272130048,0.016792812874853014,0
1745867000,cpu,99.69879518073478,0.1004016064255469,0.2008032128522353,0.0847075650923294,0
1745867000,mem,443105280,883380224,272359424,0.01642427318565065,0
1745867010,mem,443109376,883380224,272355328,0.01642427318565065,0
1745867010,cpu,99.69969969971108,0.1001001001001023,0.1001001001001023,0.08288986818944627,0
1745867020,mem,443109376,883380224,272355328,0.01642427318565065,0
1745867020,cpu,99.59959959951824,0,0.1001001000999565,0.08288986818944627,0
1745867030,cpu,99.59879638923177,0.2006018054160429,0.2006018054160429,0.0847075650923294,0
1745867030,mem,451121152,883380224,264343552,0.05375893893328343,0
1745867040,cpu,99.89979959910518,0,0.1002004008014068,0.08288986818944627,0
1745867040,mem,450863104,883380224,264601600,0.04667266768720979,0
1745867050,cpu,99.39939939942217,0.1001001001006713,0.1001001001001023,0.08288986818944627,0
1745867050,mem,450871296,883380224,264593408,0.04667266768720979,0
1745867060,mem,450875392,883380224,264589312,0.04667266768720979,0
1745867060,cpu,99.8998998999524,0,0.1001001000999565,0.08288986818944627,0
1745867070,cpu,99.79919678710752,0.1004016064256936,0.1004016064256936,0.08288986818944627,0
1745867070,mem,450875392,883380224,264589312,0.04667266768720979,0
1745867080,cpu,99.49949949947064,0,0.2002002001999131,0.0847075650923294,0
1745867080,mem,450879488,883380224,264585216,0.04632435113944877,0
1745867090,mem,450650112,883380224,264814592,0.03514183181296715,0
1745867090,cpu,99.59919839685756,0.2004008016031059,0.2004008016042451,0.0847075650923294,0
1745867100,mem,450650112,883380224,264814592,0.03514183181296715,0
1745867100,cpu,99.79979979975911,0.1001001000999565,0.1001001000999565,0.08288986818944627,0
1745867110,cpu,99.4989979959626,0.2004008016036755,0.2004008016031059,0.0847075650923294,0
1745867110,mem,450392064,883380224,265072640,0.03323345578132619,0
